dataset,contrast,metric,mean,sd,n,paired_values
tum-desk,main_S,psnr,-0.005205451191323984,0.007847789002379733,2,"[0.0003437736295799354, -0.010754676012227904]"
tum-desk,main_B,psnr,-0.0001699940696195945,0.009438106685490508,2,"[0.006503755169252834, -0.006843743308492023]"
tum-desk,main_R,psnr,0.27408662328014044,0.11587814745479717,2,"[0.1921483994235187, 0.3560248471367622]"
tum-desk,111_minus_011_S,psnr,0.021251153197040296,0.0697509523981238,2,"[-0.02807021823789313, 0.07057252463197372]"
tum-desk,111_minus_101_B,psnr,-0.07931192087132466,0.03482239128286654,2,"[-0.10393506988457091, -0.05468877185807841]"
tum-desk,111_minus_110_R,psnr,0.17386008066295666,0.08189450913483845,2,"[0.11595191791176873, 0.2317682434141446]"
tum-desk,111_minus_000,psnr,0.21444456345585117,0.0517777689460794,2,"[0.1778321519193682, 0.25105697499233415]"
tum-desk,interaction_SB,psnr,0.10180783476718869,0.20265736050966682,2,"[-0.041492559106563576, 0.24510822864094095]"
tum-desk,interaction_SR,psnr,0.05963860313623126,0.046169087933035306,2,"[0.02699212797758399, 0.09228507829487853]"
tum-desk,interaction_BR,psnr,-0.15155845924390743,0.020507398931257685,2,"[-0.13705753839511736, -0.1660593800926975]"
tum-desk,main_S,ssim,-0.0007489698007703272,0.0013746671428052104,2,"[0.0002230666577815732, -0.0017210062593222275]"
tum-desk,main_B,ssim,0.0007337393239140455,1.7017580339714445e-05,2,"[0.0007457725703716445, 0.0007217060774564465]"
tum-desk,main_R,ssim,0.010911001078784482,0.005185479291203357,2,"[0.007244313508272177, 0.014577688649296788]"
tum-desk,111_minus_011_S,ssim,0.0008875280618667047,0.0010738258357303075,2,"[0.0016468375921249168, 0.00012821853160849273]"
tum-desk,111_minus_101_B,ssim,-0.0012459173798561318,0.00023489070877842627,2,"[-0.0014120101928710715, -0.001079824566841192]"
tum-desk,111_minus_110_R,ssim,0.00823622792959211,0.004331518022504059,2,"[0.005173382163047746, 0.011299073696136475]"
tum-desk,111_minus_000,ssim,0.011912539601325933,0.002136309954526192,2,"[0.010401940345764138, 0.013423138856887729]"
tum-desk,interaction_SB,ssim,0.0013148453086614942,0.003064195478424583,2,"[-0.0008518680930136857, 0.003481558710336674]"
tum-desk,interaction_SR,ssim,-7.538758218289532e-05,0.0008524563627897038,2,"[-0.0006781652569771146, 0.000527390092611324]"
tum-desk,interaction_BR,ssim,-0.007307696714997314,0.0007545903268761794,2,"[-0.007841272652149234, -0.006774120777845394]"
tum-desk,main_S,object_sam_miou,-0.0017283819299573969,0.0011114429358944399,2,"[-0.0025142907668302406, -0.0009424730930845532]"
tum-desk,main_B,object_sam_miou,-0.0002943896589671022,0.001899969437440821,2,"[-0.0016378709322286966, 0.0010490916142944923]"
tum-desk,main_R,object_sam_miou,0.001592732124208164,0.001679280284810491,2,"[0.0004053016473057891, 0.002780162601110539]"
tum-desk,111_minus_011_S,object_sam_miou,-0.0009749820253291686,0.0027403125754000743,2,"[-0.0029126756299653334, 0.0009627115793069962]"
tum-desk,111_minus_101_B,object_sam_miou,0.009619954814205245,0.00825676462935883,2,"[0.003781540554124385, 0.015458369074286105]"
tum-desk,111_minus_110_R,object_sam_miou,0.008088011816194618,0.01652190567505836,2,"[-0.0035947397247636514, 0.019770763357152887]"
tum-desk,111_minus_000,object_sam_miou,-0.004817492195421824,0.008465920266733212,2,"[-0.010803801825013504, 0.0011688174341698554]"
tum-desk,interaction_SB,object_sam_miou,0.00855991741651961,0.010632188167411686,2,"[0.016078009768547785, 0.0010418250644914362]"
tum-desk,interaction_SR,object_sam_miou,0.0017217878541478243,0.006339472229248033,2,"[-0.0027608959482972595, 0.006204471656592908]"
tum-desk,interaction_BR,object_sam_miou,0.020043676991236062,0.015795323334072783,2,"[0.00887469675067909, 0.031212657231793034]"
tum-desk,main_S,fine_sam_miou,0.005798190270784716,0.0014222719437673916,2,"[0.00680388840691401, 0.004792492134655421]"
tum-desk,main_B,fine_sam_miou,-0.0009877907848859849,0.00785910232048771,2,"[-0.006545015329741777, 0.004569433759969807]"
tum-desk,main_R,fine_sam_miou,0.0020724396126156827,0.005693215605725165,2,"[-0.0019532717489496587, 0.006098150974181024]"
tum-desk,111_minus_011_S,fine_sam_miou,0.005107360888658818,0.005681283063893462,2,"[0.009124634668978171, 0.0010900871083394659]"
tum-desk,111_minus_101_B,fine_sam_miou,-0.0050541666984329214,0.0006106415191852115,2,"[-0.004622377939343003, -0.00548595545752284]"
tum-desk,111_minus_110_R,fine_sam_miou,0.005113236857855641,0.004765638351646798,2,"[0.008483052052987772, 0.00174342166272351]"
tum-desk,111_minus_000,fine_sam_miou,0.006921406587272971,0.014199601161817241,2,"[-0.0031192276843923783, 0.01696204085893832]"
tum-desk,interaction_SB,fine_sam_miou,-0.00783657002967135,0.004339456181798788,2,"[-0.004768111136859543, -0.010905028922483156]"
tum-desk,interaction_SR,fine_sam_miou,0.00637777628790244,0.008317676417196867,2,"[0.01225926168621777, 0.0004962908895871088]"
tum-desk,interaction_BR,fine_sam_miou,-0.0003733167749396388,0.016739141856290572,2,"[0.011463043942886997, -0.012209677492766274]"
tum-desk,main_S,small_fine_sam_miou,0.005739015554865742,0.002572422937865799,2,"[0.003920037851421015, 0.007557993258310469]"
tum-desk,main_B,small_fine_sam_miou,-0.0036483651001572148,0.005317237552527543,2,"[0.0001114896304147718, -0.007408219830729201]"
tum-desk,main_R,small_fine_sam_miou,0.002289987806911373,0.006487225081403422,2,"[-0.00229717303923244, 0.006877148653055186]"
tum-desk,111_minus_011_S,small_fine_sam_miou,-0.0013218133850581848,0.011443467534772747,2,"[0.006769940109067729, -0.009413566879184099]"
tum-desk,111_minus_101_B,small_fine_sam_miou,-0.013367592793247729,0.025831371430662664,2,"[0.004897945112722291, -0.03163313069921775]"
tum-desk,111_minus_110_R,small_fine_sam_miou,0.0012767873296343282,0.004295621178138998,2,"[0.00431425019410496, -0.0017606755348363035]"
tum-desk,111_minus_000,small_fine_sam_miou,0.0010540165004615867,0.001110136824306135,2,"[0.0018390017769733535, 0.00026903122394981993]"
tum-desk,interaction_SB,small_fine_sam_miou,-0.01244023439457908,0.01889463080018343,2,"[0.0009202871722468267, -0.025800755961404985]"
tum-desk,interaction_SR,small_fine_sam_miou,0.004971820037047856,0.0005679444370019682,2,"[0.0045702226743065885, 0.005373417399789124]"
tum-desk,interaction_BR,small_fine_sam_miou,-0.0003449774692853187,0.01242854237399118,2,"[0.008443329123628197, -0.009133284062198835]"
tum-desk,main_S,old_psnr,-0.1050835560115928,0.024039760414223336,2,"[-0.12208223361859005, -0.08808487840459556]"
tum-desk,main_B,old_psnr,0.04913837626457429,0.23231145359015404,2,"[-0.11513062791632755, 0.21340738044547614]"
tum-desk,main_R,old_psnr,0.6306592702268237,0.00794469008514819,2,"[0.6362770144604575, 0.6250415259931899]"
tum-desk,111_minus_011_S,old_psnr,-0.0597101270488789,0.5822294311138947,2,"[-0.4714085059958997, 0.35198825189814187]"
tum-desk,111_minus_101_B,old_psnr,0.043107246309167735,0.43950573907376894,2,"[-0.26767024216029967, 0.35388473477863513]"
tum-desk,111_minus_110_R,old_psnr,0.6751593221705718,0.15204824514793497,2,"[0.5676449769589524, 0.7826736673821912]"
tum-desk,111_minus_000,old_psnr,0.5885841236305698,0.4574167072936529,2,"[0.26514166807520567, 0.9120265791859339]"
tum-desk,interaction_SB,old_psnr,-0.019027786087205456,0.39638083757577935,2,"[-0.2993113642694425, 0.2612557920950316]"
tum-desk,interaction_SR,old_psnr,0.082034577711104,0.3019781370747158,2,"[-0.13149621078450835, 0.29556536620671636]"
tum-desk,interaction_BR,old_psnr,-0.02077454012513691,0.400012633357397,2,"[0.2620771054821667, -0.3036261857324405]"
tum-desk,main_S,old_fine_sam_miou,0.016688814991521556,0.0022198893894505318,2,"[0.01511911615075702, 0.01825851383228609]"
tum-desk,main_B,old_fine_sam_miou,-0.0067002780835960785,0.011390986624913554,2,"[-0.014754921970477716, 0.0013543658032855593]"
tum-desk,main_R,old_fine_sam_miou,0.009832738513251532,0.015201966515935436,2,"[-0.0009166750975372479, 0.020582152124040312]"
tum-desk,111_minus_011_S,old_fine_sam_miou,0.025538105159237517,0.034777798452955075,2,"[0.05012972228006107, 0.0009464880384139618]"
tum-desk,111_minus_101_B,old_fine_sam_miou,-0.016683415966572135,0.0440448367372338,2,"[0.014460986766580253, -0.04782781869972452]"
tum-desk,111_minus_110_R,old_fine_sam_miou,0.02477926070412645,0.04501483291823055,2,"[0.056609554314586696, -0.007051032906333798]"
tum-desk,111_minus_000,old_fine_sam_miou,0.030238683485267898,0.008518087099389006,2,"[0.024215486334552283, 0.03626188063598351]"
tum-desk,interaction_SB,old_fine_sam_miou,-0.0264977779702259,0.011921956339476455,2,"[-0.01806768179757215, -0.03492787414287965]"
tum-desk,interaction_SR,old_fine_sam_miou,0.023361542177476047,0.02148390848351373,2,"[0.0385529595525598, 0.008170124802392292]"
tum-desk,interaction_BR,old_fine_sam_miou,-0.01430331392390799,0.05836017952299721,2,"[0.026963564768067633, -0.05557019261588361]"
tum-desk,main_S,old_psnr_change,-0.06711418884113174,0.0831057133422706,2,"[-0.12587880230079662, -0.008349575381466856]"
tum-desk,main_B,old_psnr_change,0.2822427988953691,0.16513663676116014,2,"[0.3990120345715251, 0.16547356321921303]"
tum-desk,main_R,old_psnr_change,0.6290890204624637,0.016767220300074253,2,"[0.640945235638295, 0.6172328052866325]"
tum-desk,111_minus_011_S,old_psnr_change,0.21910749360191417,0.26733290005944915,2,"[0.030074587135612063, 0.4081404000682163]"
tum-desk,111_minus_101_B,old_psnr_change,0.5467416296773262,0.30429182666050564,2,"[0.7619084437686112, 0.3315748155860412]"
tum-desk,111_minus_110_R,old_psnr_change,0.7096135740189933,0.18334392313103703,2,"[0.5799698426836919, 0.8392573053542947]"
tum-desk,111_minus_000,old_psnr_change,0.8764659578963219,0.12991065224590512,2,"[0.784605254744875, 0.9683266610477688]"
tum-desk,interaction_SB,old_psnr_change,0.4379476322888527,0.3837479425781471,2,"[0.7092984047522464, 0.16659685982545902]"
tum-desk,interaction_SR,old_psnr_change,0.06999907783799753,0.29478472408276646,2,"[-0.138445199551132, 0.27844335522712704]"
tum-desk,interaction_BR,old_psnr_change,0.02655337451581996,0.3519800291502817,2,"[0.27544083997022284, -0.22233409093858292]"
tum-desk,main_S,old_fine_change,0.0007768697261527069,0.03733036604996551,2,"[0.02717342470425939, -0.025619685251953975]"
tum-desk,main_B,old_fine_change,-0.011656163040923095,0.006412725529722196,2,"[-0.007121681332968435, -0.016190644748877756]"
tum-desk,main_R,old_fine_change,0.014697768454859539,0.0070642403274750335,2,"[0.009702596215370465, 0.019692940694348612]"
tum-desk,111_minus_011_S,old_fine_change,0.023705483584638337,0.05057136462001375,2,"[0.05946483844130751, -0.012053871272030836]"
tum-desk,111_minus_101_B,old_fine_change,0.009699771762937653,0.050104902047521334,2,"[0.04512928777142772, -0.02572974424555241]"
tum-desk,111_minus_110_R,old_fine_change,0.029233665437843115,0.027992581468396942,2,"[0.04902740961706348, 0.009439921258622752]"
tum-desk,111_minus_000,old_fine_change,0.012403860383761567,0.03867499897336345,2,"[0.039751214420209624, -0.01494349365268649]"
tum-desk,interaction_SB,old_fine_change,0.021163266435690387,0.01988020557082462,2,"[0.03522069460620306, 0.007105838265177716]"
tum-desk,interaction_SR,old_fine_change,0.007523190793936041,0.0026094961269703056,2,"[0.009368383200796776, 0.005677998387075306]"
tum-desk,interaction_BR,old_fine_change,0.004377832684686278,0.06351185202247209,2,"[0.04928749393549284, -0.04053182856612028]"
tum-desk,main_S,gaussians,15.625,1.9445436482630056,2,"[17.0, 14.25]"
tum-desk,main_B,gaussians,-172.125,103.0608133579393,2,"[-245.0, -99.25]"
tum-desk,main_R,gaussians,-198.125,9.722718241315029,2,"[-205.0, -191.25]"
tum-desk,111_minus_011_S,gaussians,43.0,192.33304448274092,2,"[-93, 179]"
tum-desk,111_minus_101_B,gaussians,-153.5,202.93964620053913,2,"[-297, -10]"
tum-desk,111_minus_110_R,gaussians,-155.0,9.899494936611665,2,"[-148, -162]"
tum-desk,111_minus_000,gaussians,-343.5,161.92745289171938,2,"[-458, -229]"
tum-desk,interaction_SB,gaussians,-8.25,262.6901692108024,2,"[-194.0, 177.5]"
tum-desk,interaction_SR,gaussians,40.75,23.68807716974934,2,"[24.0, 57.5]"
tum-desk,interaction_BR,gaussians,23.25,165.10943340705884,2,"[140.0, -93.5]"
tum-desk,main_S,mapping_seconds,1.2878134431247759,0.23752947198885804,2,"[1.4557721434997575, 1.1198547427497942]"
tum-desk,main_B,mapping_seconds,0.11589327187488152,0.16393780926631835,2,"[0.23181480849996206, -2.8264750199014088e-05]"
tum-desk,main_R,mapping_seconds,7.452370592124964,0.05489634791788843,2,"[7.491188172000079, 7.413553012249849]"
tum-desk,111_minus_011_S,mapping_seconds,1.8981337460002123,1.0293930412854124,2,"[2.626024545999371, 1.1702429460010535]"
tum-desk,111_minus_101_B,mapping_seconds,0.5558103025000491,0.9129614333725641,2,"[1.2013715229995796, -0.08975091799948132]"
tum-desk,111_minus_110_R,mapping_seconds,8.041536484999824,0.7959319850616305,2,"[8.604345389000173, 7.478727580999475]"
tum-desk,111_minus_000,mapping_seconds,8.805125125999666,0.42904909141241987,2,"[9.108508647999315, 8.501741604000017]"
tum-desk,interaction_SB,mapping_seconds,0.5120236217506999,0.8271660940197031,2,"[1.0969183759996213, -0.07287113249822141]"
tum-desk,interaction_SR,mapping_seconds,0.8105213462500842,0.8111901200946957,2,"[1.3841193810005734, 0.236923311499595]"
tum-desk,interaction_BR,mapping_seconds,0.4697148017495465,0.7255102297140783,2,"[0.9827280050005811, -0.043298401501488115]"
tum-desk,main_S,update_p95_ms,0.9329633562856552,0.09332749752357841,2,"[0.8669708499155622, 0.9989558626557482]"
tum-desk,main_B,update_p95_ms,-0.18155931867340858,0.02932238342270292,2,"[-0.20229337483215382, -0.16082526251466334]"
tum-desk,main_R,update_p95_ms,0.5434409061990682,0.2191805896176741,2,"[0.388456824975945, 0.6984249874221913]"
tum-desk,111_minus_011_S,update_p95_ms,0.9357646751254869,0.15718923574514002,2,"[1.0469142496504062, 0.8246151006005675]"
tum-desk,111_minus_101_B,update_p95_ms,0.10343185000465382,0.05904207271191335,2,"[0.14518089999455697, 0.06168280001475068]"
tum-desk,111_minus_110_R,update_p95_ms,0.8109476250183469,0.09767990734401606,2,"[0.8800177498869743, 0.7418775001497195]"
tum-desk,111_minus_000,update_p95_ms,1.418515850139105,0.43955497024608314,2,"[1.1077035499738486, 1.7293281503043616]"
tum-desk,interaction_SB,update_p95_ms,-0.103385137629175,0.11974519212377231,2,"[-0.018712500263969645, -0.18805777499438037]"
tum-desk,interaction_SR,update_p95_ms,-0.13835403734674223,0.5767372737779201,2,"[0.2694607999046674, -0.5461688745981519]"
tum-desk,interaction_BR,update_p95_ms,0.42602566232971917,0.2524327195097157,2,"[0.6045225500884008, 0.2475287745710375]"
tum-desk,main_S,gpu_update_peak_mib,0.43914794921875,0.5801348481878401,2,"[0.849365234375, 0.0289306640625]"
tum-desk,main_B,gpu_update_peak_mib,-2.99639892578125,4.195425427193865,2,"[-0.02978515625, -5.9630126953125]"
tum-desk,main_R,gpu_update_peak_mib,1.32647705078125,9.938769055928057,2,"[8.354248046875, -5.7012939453125]"
tum-desk,111_minus_011_S,gpu_update_peak_mib,3.383056640625,4.696666769765921,2,"[0.06201171875, 6.7041015625]"
tum-desk,111_minus_101_B,gpu_update_peak_mib,-5.91259765625,2.208327623275956,2,"[-4.35107421875, -7.47412109375]"
tum-desk,111_minus_110_R,gpu_update_peak_mib,3.97705078125,4.439442867429994,2,"[7.1162109375, 0.837890625]"
tum-desk,111_minus_000,gpu_update_peak_mib,1.21240234375,7.785079932712048,2,"[6.71728515625, -4.29248046875]"
tum-desk,interaction_SB,gpu_update_peak_mib,-5.0660400390625,5.164676165224107,2,"[-1.4140625, -8.718017578125]"
tum-desk,interaction_SR,gpu_update_peak_mib,6.0675048828125,1.8597806039362004,2,"[4.75244140625, 7.382568359375]"
tum-desk,interaction_BR,gpu_update_peak_mib,-5.6527099609375,4.719627024135503,2,"[-2.3154296875, -8.989990234375]"
tum-desk,main_S,evaluation_gpu_peak_mib,0.43914794921875,0.5801348481878401,2,"[0.849365234375, 0.0289306640625]"
tum-desk,main_B,evaluation_gpu_peak_mib,-2.99639892578125,4.195425427193865,2,"[-0.02978515625, -5.9630126953125]"
tum-desk,main_R,evaluation_gpu_peak_mib,1.32647705078125,9.938769055928057,2,"[8.354248046875, -5.7012939453125]"
tum-desk,111_minus_011_S,evaluation_gpu_peak_mib,3.383056640625,4.696666769765921,2,"[0.06201171875, 6.7041015625]"
tum-desk,111_minus_101_B,evaluation_gpu_peak_mib,-5.91259765625,2.208327623275956,2,"[-4.35107421875, -7.47412109375]"
tum-desk,111_minus_110_R,evaluation_gpu_peak_mib,3.97705078125,4.439442867429994,2,"[7.1162109375, 0.837890625]"
tum-desk,111_minus_000,evaluation_gpu_peak_mib,1.21240234375,7.785079932712048,2,"[6.71728515625, -4.29248046875]"
tum-desk,interaction_SB,evaluation_gpu_peak_mib,-5.0660400390625,5.164676165224107,2,"[-1.4140625, -8.718017578125]"
tum-desk,interaction_SR,evaluation_gpu_peak_mib,6.0675048828125,1.8597806039362004,2,"[4.75244140625, 7.382568359375]"
tum-desk,interaction_BR,evaluation_gpu_peak_mib,-5.6527099609375,4.719627024135503,2,"[-2.3154296875, -8.989990234375]"
tum-desk,main_S,cpu_rss_peak_mib,-1.49951171875,4.038933167148551,2,"[1.3564453125, -4.35546875]"
tum-desk,main_B,cpu_rss_peak_mib,48.10498046875,9.813178190861354,2,"[55.0439453125, 41.166015625]"
tum-desk,main_R,cpu_rss_peak_mib,-2.37744140625,2.3195035918023565,2,"[-0.7373046875, -4.017578125]"
tum-desk,111_minus_011_S,cpu_rss_peak_mib,0.990234375,4.355888257543693,2,"[-2.08984375, 4.0703125]"
tum-desk,111_minus_101_B,cpu_rss_peak_mib,53.224609375,0.8866456123471944,2,"[52.59765625, 53.8515625]"
tum-desk,111_minus_110_R,cpu_rss_peak_mib,3.87109375,8.739397873727485,2,"[-2.30859375, 10.05078125]"
tum-desk,111_minus_000,cpu_rss_peak_mib,48.0703125,13.131193897503309,2,"[57.35546875, 38.78515625]"
tum-desk,interaction_SB,cpu_rss_peak_mib,-2.4814453125,4.995322710061997,2,"[-6.013671875, 1.05078125]"
tum-desk,interaction_SR,cpu_rss_peak_mib,-0.2236328125,5.713478034704584,2,"[-4.263671875, 3.81640625]"
tum-desk,interaction_BR,cpu_rss_peak_mib,5.0361328125,10.323482791737193,2,"[-2.263671875, 12.3359375]"
tum-desk,main_S,process_seconds,1.2944823077498313,0.24552707153928405,2,"[1.4680961650001336, 1.120868450499529]"
tum-desk,main_B,process_seconds,0.18158192799978679,0.15651812207820992,2,"[0.2922569534998729, 0.07090690249970066]"
tum-desk,main_R,process_seconds,7.425743030249805,0.1228226981565866,2,"[7.512591792999956, 7.338894267499654]"
tum-desk,111_minus_011_S,process_seconds,2.684778353999718,2.196943001159869,2,"[4.238251648000187, 1.1313050599992494]"
tum-desk,111_minus_101_B,process_seconds,1.3532638344995576,2.0960416600913203,2,"[2.8353891059996386, -0.12886143700052344]"
tum-desk,111_minus_110_R,process_seconds,8.723887985999909,2.0481979929109535,2,"[10.17218267599992, 7.275593295999897]"
tum-desk,111_minus_000,process_seconds,8.87809425749947,0.5378244327715598,2,"[9.258393561000048, 8.497794953998891]"
tum-desk,interaction_SB,process_seconds,1.2875460054995074,1.9526076318818493,2,"[2.668248102999769, -0.09315609200075414]"
tum-desk,interaction_SR,process_seconds,1.5404721040001732,1.9243111453643629,2,"[2.9011655640001663, 0.17977864400018007]"
tum-desk,interaction_BR,process_seconds,1.1032438244999412,1.9005263621494128,2,"[2.4471189029995912, -0.24063125399970886]"
tum-desk,main_S,controller_seconds_cumulative,1.252118005732143,0.22401828404749066,2,"[1.4105228534918979, 1.0937131579723882]"
tum-desk,main_B,controller_seconds_cumulative,0.23413637851064095,0.20509463965288283,2,"[0.3791601889942058, 0.08911256802707612]"
tum-desk,main_R,controller_seconds_cumulative,7.149915054756491,0.07532029839695335,2,"[7.096655560999011, 7.203174548513971]"
tum-desk,111_minus_011_S,controller_seconds_cumulative,1.6299451974643944,0.628085214750748,2,"[2.074068511977657, 1.1858218829511316]"
tum-desk,111_minus_101_B,controller_seconds_cumulative,0.41447184099547485,0.7820461926026048,2,"[0.9674620069858975, -0.13851832499494776]"
tum-desk,111_minus_110_R,controller_seconds_cumulative,7.553422231502282,0.5290599304528943,2,"[7.9275240959796065, 7.179320367024957]"
tum-desk,111_minus_000,controller_seconds_cumulative,8.629696821994457,0.4256953546521349,2,"[8.930708893988594, 8.32868475000032]"
tum-desk,interaction_SB,controller_seconds_cumulative,0.16112809447611198,0.30473552545441657,2,"[0.3766086509933757, -0.05435246204115174]"
tum-desk,interaction_SR,controller_seconds_cumulative,0.6074715229980256,0.35959287725466826,2,"[0.8617420849711834, 0.35320096102486787]"
tum-desk,interaction_BR,controller_seconds_cumulative,0.2124880645031908,0.7053621217475976,2,"[0.7112544039830482, -0.2862782749766666]"
kitchen,main_S,psnr,0.11245786498788934,0.06570903743310375,2,"[0.065994559033701, 0.1589211709420777]"
kitchen,main_B,psnr,-0.027693094239213956,0.15887666686551996,2,"[0.08464967427371128, -0.1400358627521392]"
kitchen,main_R,psnr,0.7240003458975321,0.1437235598021096,2,"[0.8256282496498741, 0.6223724421451902]"
kitchen,111_minus_011_S,psnr,-0.012021246019624954,0.022490274578271505,2,"[0.0038817796454182485, -0.027924271684668156]"
kitchen,111_minus_101_B,psnr,-0.10869036072745608,0.19650493488799994,2,"[0.030259611268469655, -0.24764033272338182]"
kitchen,111_minus_110_R,psnr,0.6312556797688025,0.2446994092017685,2,"[0.8042842913677148, 0.4582270681698901]"
kitchen,111_minus_000,psnr,0.8924729087412508,0.4694784621069385,2,"[1.2244443129180986, 0.5605015045644031]"
kitchen,interaction_SB,psnr,-0.19643950346207006,0.20773554223821633,2,"[-0.3433307140721773, -0.04954829285196283]"
kitchen,interaction_SR,psnr,-0.21993430274304515,0.08104037948385845,2,"[-0.2772385046260126, -0.16263010086007768]"
kitchen,interaction_BR,psnr,-0.1329706137045008,0.18218246746164904,2,"[-0.2617930718599304, -0.00414815554907122]"
kitchen,main_S,ssim,0.0012610267315592144,0.001419015449159563,2,"[0.00025763128485001285, 0.002264422178268416]"
kitchen,main_B,ssim,-0.002225007116794561,0.0020300658777510578,2,"[-0.0007895337683813675, -0.003660480465207755]"
kitchen,main_R,ssim,0.017409755715302053,0.0013307725924323356,2,"[0.01835075403962816, 0.016468757390975947]"
kitchen,111_minus_011_S,ssim,-0.0018593702997479755,0.001583194583897874,2,"[-0.0007398826735359743, -0.0029788579259599768]"
kitchen,111_minus_101_B,ssim,-0.004089315448488451,0.0011670907905065235,2,"[-0.0032640576362609197, -0.004914573260715982]"
kitchen,111_minus_110_R,ssim,0.016206161464963675,0.005802194068079051,2,"[0.020308932236262733, 0.012103390693664617]"
kitchen,111_minus_000,ssim,0.017871155057634647,0.007702493110803222,2,"[0.02331764016832627, 0.012424669946943023]"
kitchen,interaction_SB,ssim,-0.005206490840230643,0.008092856619613205,2,"[-0.01092900463512958, 0.0005160229546682937]"
kitchen,interaction_SR,ssim,-0.0038850626775196184,0.002575936506169296,2,"[-0.0020636005061013263, -0.0057065248489379106]"
kitchen,interaction_BR,ssim,-0.0013728852782930179,0.005154433734434647,2,"[-0.005017620325088457, 0.002271849768502421]"
kitchen,main_S,object_sam_miou,0.0021744586502387836,0.0015625012023355476,2,"[0.0010696034544551841, 0.003279313846022383]"
kitchen,main_B,object_sam_miou,0.00613381499590375,0.014453789499945094,2,"[0.016354187565157843, -0.004086557573350344]"
kitchen,main_R,object_sam_miou,0.012927211178260095,0.005724804725629792,2,"[0.016975259420721714, 0.008879162935798476]"
kitchen,111_minus_011_S,object_sam_miou,-0.002384695959545796,0.023138414663845062,2,"[0.013976633955165296, -0.01874602587425689]"
kitchen,111_minus_101_B,object_sam_miou,0.0055526056712326965,0.026546728466583902,2,"[0.024323977388272133, -0.01321876604580674]"
kitchen,111_minus_110_R,object_sam_miou,0.004898738951545467,0.014848207968313955,2,"[0.015398007494408394, -0.00560052959131746]"
kitchen,111_minus_000,object_sam_miou,0.018196318537130107,0.03387899520607208,2,"[0.04215238578713021, -0.005759748712869994]"
kitchen,interaction_SB,object_sam_miou,0.005927274579531516,0.012407549407302517,2,"[0.014700736903342254, -0.0028461877442792216]"
kitchen,interaction_SR,object_sam_miou,-0.008967251224555634,0.006468477959393222,2,"[-0.004393346595512965, -0.013541155853598302]"
kitchen,interaction_BR,object_sam_miou,-0.0010113606543285802,0.018747475839690376,2,"[-0.014267827950704609, 0.012245106642047449]"
kitchen,main_S,fine_sam_miou,0.008201932556996049,0.003517614209013297,2,"[0.005714603696204593, 0.010689261417787504]"
kitchen,main_B,fine_sam_miou,-0.010471756364478974,0.021073171286639398,2,"[-0.025372738682367335, 0.004429225953409388]"
kitchen,main_R,fine_sam_miou,0.002084853233194156,0.0035694550476177474,2,"[0.004608839102505216, -0.000439132636116904]"
kitchen,111_minus_011_S,fine_sam_miou,0.014127611031277368,0.020743088342412057,2,"[0.028795189460948556, -0.0005399673983938202]"
kitchen,111_minus_101_B,fine_sam_miou,0.002709666697295096,0.0010504944937748974,2,"[0.0019668549171477367, 0.0034524784774424555]"
kitchen,111_minus_110_R,fine_sam_miou,0.011792227749564774,0.030268301387531102,2,"[0.0331951489156862, -0.009610693416556654]"
kitchen,111_minus_000,fine_sam_miou,0.005422482706223364,0.016814222543414435,2,"[-0.006466968074604701, 0.01731193348705143]"
kitchen,interaction_SB,fine_sam_miou,0.0037922737391726455,0.013377425099755997,2,"[0.013251541742025238, -0.0056669942636799475]"
kitchen,interaction_SR,fine_sam_miou,-0.0031558233516342654,0.026729764193853693,2,"[0.01574497416935705, -0.022056620872625582]"
kitchen,interaction_BR,fine_sam_miou,0.011355665823351235,0.018253712676731985,2,"[0.024262989838899268, -0.0015516581921967976]"
kitchen,main_S,small_fine_sam_miou,0.00951627646792021,0.0052923323463417,2,"[0.005774032377529083, 0.01325852055831134]"
kitchen,main_B,small_fine_sam_miou,0.002585760381662771,0.014297985473756523,2,"[-0.007524442104137219, 0.012695962867462761]"
kitchen,main_R,small_fine_sam_miou,-0.00020065658716318917,0.002444256150063649,2,"[-0.0019290066858301189, 0.0015276935115037405]"
kitchen,111_minus_011_S,small_fine_sam_miou,0.02532295103012379,0.01740957721163059,2,"[0.03763338113405856, 0.013012520926189014]"
kitchen,111_minus_101_B,small_fine_sam_miou,0.014635776865095568,0.006771120880877908,2,"[0.019423682356198166, 0.00984787137399297]"
kitchen,111_minus_110_R,small_fine_sam_miou,0.010187791985860138,0.02456028156191668,2,"[0.027554533626142352, -0.007178949654422076]"
kitchen,111_minus_000,small_fine_sam_miou,0.009669062285002968,0.025084933651896818,2,"[-0.008068664405867898, 0.027406788975873835]"
kitchen,interaction_SB,small_fine_sam_miou,0.019700560450029873,0.01981683788236134,2,"[0.03371318089832204, 0.005687940001737706]"
kitchen,interaction_SR,small_fine_sam_miou,0.016377424629210935,0.03168770059705313,2,"[0.03878401260159621, -0.006029163343174344]"
kitchen,interaction_BR,small_fine_sam_miou,0.008864108471669371,0.028422094190377414,2,"[0.02896156400920802, -0.011233347065869276]"
kitchen,main_S,old_psnr,0.31519854896590394,0.24451294853117936,2,"[0.48809531296021813, 0.14230178497158974]"
kitchen,main_B,old_psnr,-0.06200558143050161,0.583123864492645,2,"[0.35032525742395304, -0.47433642028495626]"
kitchen,main_R,old_psnr,2.0501520808259683,0.21267675507475714,2,"[2.2005372565400796, 1.899766905111857]"
kitchen,111_minus_011_S,old_psnr,-0.26603889327085817,0.07851075324208505,2,"[-0.2105234072573161, -0.3215543792844002]"
kitchen,111_minus_101_B,old_psnr,-0.24537855532732777,0.32981419349046986,2,"[-0.012164702578644437, -0.4785924080760111]"
kitchen,111_minus_110_R,old_psnr,1.714008301027791,0.22476256903446173,2,"[1.8729394377489683, 1.5550771643066135]"
kitchen,111_minus_000,old_psnr,2.5917167222833477,1.7164478275608155,2,"[3.805428620704518, 1.3780048238621774]"
kitchen,interaction_SB,old_psnr,-0.7168383102573879,1.107531939713208,2,"[-1.4999816552092877, 0.06630503469451199]"
kitchen,interaction_SR,old_psnr,-1.0223799220600904,0.5767409697894487,2,"[-1.4301973727863153, -0.6145624713338655]"
kitchen,interaction_BR,old_psnr,-0.22665098538021855,0.7513559212156101,2,"[-0.7579398523564418, 0.3046378815960047]"
kitchen,main_S,old_fine_sam_miou,0.005319506300131734,0.005248981234463134,2,"[0.00903109652534155, 0.0016079160749219168]"
kitchen,main_B,old_fine_sam_miou,-0.004139217426072601,0.013275678812874031,2,"[-0.013526539939510404, 0.005248105087365201]"
kitchen,main_R,old_fine_sam_miou,0.023844481406727847,0.009290102431314227,2,"[0.03041357583382777, 0.017275386979627924]"
kitchen,111_minus_011_S,old_fine_sam_miou,0.02499944510481511,0.006324961332946658,2,"[0.020527022055545824, 0.029471868154084396]"
kitchen,111_minus_101_B,old_fine_sam_miou,0.011457637993356987,0.02923529175236098,2,"[-0.009214835054704607, 0.03213011104141858]"
kitchen,111_minus_110_R,old_fine_sam_miou,0.0021072558557927723,0.004021050422263923,2,"[0.004950567876868622, -0.0007360561652830777]"
kitchen,111_minus_000,old_fine_sam_miou,0.02526903233721485,0.005723313920002134,2,"[0.02931602642090772, 0.02122203825352198]"
kitchen,interaction_SB,old_fine_sam_miou,0.05676975771862017,0.02672441256494524,2,"[0.03787274437072041, 0.07566677106651992]"
kitchen,interaction_SR,old_fine_sam_miou,-0.017898404222109157,0.0053432907040719515,2,"[-0.021676681312809476, -0.014120127131408838]"
kitchen,interaction_BR,old_fine_sam_miou,-0.026064570992616734,0.014114631448226268,2,"[-0.03604512260360643, -0.01608401938162704]"
kitchen,main_S,old_psnr_change,0.15345762709262534,0.3078187852052052,2,"[0.3711183774878313, -0.0642031233025806]"
kitchen,main_B,old_psnr_change,-0.11826713648187415,0.6877042769035685,2,"[0.36801322116763036, -0.6045474941313786]"
kitchen,main_R,old_psnr_change,2.137261777836838,0.11046085104318977,2,"[2.2153693946651147, 2.0591541610085615]"
kitchen,111_minus_011_S,old_psnr_change,-0.45278772299414527,0.01342598714189188,2,"[-0.4622813295463004, -0.4432941164419901]"
kitchen,111_minus_101_B,old_psnr_change,-0.23893125758014477,0.16948485041756048,2,"[-0.11908737054150009, -0.35877514461878945]"
kitchen,111_minus_110_R,old_psnr_change,1.7338187984149158,0.07643956445322715,2,"[1.787869732790739, 1.6797678640390927]"
kitchen,111_minus_000,old_psnr_change,2.453372605323654,1.784353599741137,2,"[3.715101135735239, 1.1916440749120696]"
kitchen,interaction_SB,old_psnr_change,-0.6043868286391838,1.483812598832316,2,"[-1.6536007792835488, 0.44482712200518115]"
kitchen,interaction_SR,old_psnr_change,-1.1699445452864872,0.5154163190402252,2,"[-1.5343989196140395, -0.8054901709589348]"
kitchen,interaction_BR,old_psnr_change,-0.1987820873094872,0.909365627318047,2,"[-0.841800688964037, 0.4442365143450626]"
kitchen,main_S,old_fine_change,-0.002190390456120732,0.026954269555229938,2,"[0.016869156328312464, -0.021249937240553927]"
kitchen,main_B,old_fine_change,-0.021735346305216452,0.00772764759566029,2,"[-0.027199618322727763, -0.01627107428770514]"
kitchen,main_R,old_fine_change,0.027377449922131585,0.003995830324736801,2,"[0.03020292864122382, 0.024551971203039348]"
kitchen,111_minus_011_S,old_fine_change,-0.006660700103218842,0.028263450806429665,2,"[0.01332457762173997, -0.026645977828177653]"
kitchen,111_minus_101_B,old_fine_change,-0.02790369145198303,0.01969087213405912,2,"[-0.04182724066545346, -0.0139801422385126]"
kitchen,111_minus_110_R,old_fine_change,-0.001729376396598023,0.0004350052630635827,2,"[-0.0020369715679621203, -0.0014217812252339257]"
kitchen,111_minus_000,old_fine_change,0.003734004698538948,0.03085868887351625,2,"[0.025554392859528152, -0.018086383462450256]"
kitchen,interaction_SB,old_fine_change,0.018185879987120374,0.013859444288608523,2,"[0.008385772947168121, 0.027985987027072626]"
kitchen,interaction_SR,old_fine_change,-0.027691082356805688,0.0012053336125883716,2,"[-0.02683878278575237, -0.028543381927859005]"
kitchen,interaction_BR,old_fine_change,-0.03108715335614262,0.025339477966608744,2,"[-0.04900487005805877, -0.013169436654226471]"
kitchen,main_S,gaussians,-8.125,17.854446224960324,2,"[-20.75, 4.5]"
kitchen,main_B,gaussians,-148.375,0.1767766952966369,2,"[-148.25, -148.5]"
kitchen,main_R,gaussians,-26.375,22.450640302672884,2,"[-42.25, -10.5]"
kitchen,111_minus_011_S,gaussians,-39.0,60.81118318204309,2,"[4, -82]"
kitchen,111_minus_101_B,gaussians,-223.0,62.22539674441618,2,"[-179, -267]"
kitchen,111_minus_110_R,gaussians,-40.5,13.435028842544403,2,"[-31, -50]"
kitchen,111_minus_000,gaussians,-187.0,5.656854249492381,2,"[-191, -183]"
kitchen,interaction_SB,gaussians,-87.25,70.35712472806148,2,"[-37.5, -137.0]"
kitchen,interaction_SR,gaussians,33.75,18.031222920256962,2,"[46.5, 21.0]"
kitchen,interaction_BR,gaussians,-53.75,15.202795795510772,2,"[-64.5, -43.0]"
kitchen,main_S,mapping_seconds,1.8999384535007948,0.749757840479102,2,"[2.4300973067513496, 1.36977960025024]"
kitchen,main_B,mapping_seconds,0.01588290775009682,0.6579809978894308,2,"[0.48114573324960475, -0.4493799177494111]"
kitchen,main_R,mapping_seconds,4.217825103999303,0.1277199754735556,2,"[4.308136764749634, 4.127513443248972]"
kitchen,111_minus_011_S,mapping_seconds,0.6369855335008197,0.14928979796066122,2,"[0.7425493620007728, 0.5314217050008665]"
kitchen,111_minus_101_B,mapping_seconds,-0.9275145444992177,1.4111170986433124,2,"[0.07029592499975479, -1.9253250139981901]"
kitchen,111_minus_110_R,mapping_seconds,3.025104089498882,0.20778783545668664,2,"[3.1720322769983795, 2.8781759019993842]"
kitchen,111_minus_000,mapping_seconds,5.727895253500037,1.1308566368969353,2,"[6.527531649999673, 4.928258857000401]"
kitchen,interaction_SB,mapping_seconds,-0.6078781459987113,0.47720237519746284,2,"[-0.27044511049825815, -0.9453111814991644]"
kitchen,interaction_SR,mapping_seconds,-1.1065252705009243,0.8689341063440382,2,"[-1.7209544695010663, -0.4920960715007823]"
kitchen,interaction_BR,mapping_seconds,-0.46741433499960294,1.8382741802006064,2,"[0.8324418035003873, -1.7672704734995932]"
kitchen,main_S,update_p95_ms,0.9169584125203305,0.24593030657445303,2,"[1.0908573999984128, 0.7430594250422482]"
kitchen,main_B,update_p95_ms,-0.10607294987892191,0.17445784468584208,2,"[0.017287375129626525, -0.22943327488747034]"
kitchen,main_R,update_p95_ms,-0.17814064987931078,0.07241088099150286,2,"[-0.22934287486009453, -0.12693842489852702]"
kitchen,111_minus_011_S,update_p95_ms,0.8060199498004312,0.33848713709397094,2,"[0.5666733998168638, 1.0453664997839986]"
kitchen,111_minus_101_B,update_p95_ms,-0.1574965250142668,0.1212935262783384,2,"[-0.2432639999597086, -0.07172905006882502]"
kitchen,111_minus_110_R,update_p95_ms,-0.2612386748182871,0.5345254564428287,2,"[-0.6392052497858458, 0.11672790014927159]"
kitchen,111_minus_000,update_p95_ms,0.6858018253296905,0.07010486438998084,2,"[0.7353734503340092, 0.6362302003253717]"
kitchen,interaction_SB,update_p95_ms,-0.1323210254838605,0.14018183330246725,2,"[-0.23144455041119727, -0.03319750055652371]"
kitchen,interaction_SR,update_p95_ms,-0.19566992509112335,0.4729082422767579,2,"[-0.5300665500840296, 0.13872669990178288]"
kitchen,interaction_BR,update_p95_ms,-0.07664014992201462,0.10442390313172903,2,"[-0.0028012998996018723, -0.15047899994442737]"
kitchen,main_S,gpu_update_peak_mib,0.533203125,1.2514201798880085,2,"[-0.3516845703125, 1.4180908203125]"
kitchen,main_B,gpu_update_peak_mib,-1.744140625,0.6665379106839013,2,"[-2.2154541015625, -1.2728271484375]"
kitchen,main_R,gpu_update_peak_mib,-0.3033447265625,0.9512105381684269,2,"[0.3692626953125, -0.9759521484375]"
kitchen,111_minus_011_S,gpu_update_peak_mib,0.7158203125,1.4839574929393464,2,"[-0.33349609375, 1.76513671875]"
kitchen,111_minus_101_B,gpu_update_peak_mib,-1.018798828125,1.5416170791005541,2,"[-2.10888671875, 0.0712890625]"
kitchen,111_minus_110_R,gpu_update_peak_mib,0.219970703125,2.579489630002293,2,"[2.0439453125, -1.60400390625]"
kitchen,111_minus_000,gpu_update_peak_mib,-1.4970703125,0.20508858790273887,2,"[-1.64208984375, -1.35205078125]"
kitchen,interaction_SB,gpu_update_peak_mib,0.367431640625,3.4975545378026007,2,"[-2.105712890625, 2.840576171875]"
kitchen,interaction_SR,gpu_update_peak_mib,-0.03662109375,1.509161982698437,2,"[1.030517578125, -1.103759765625]"
kitchen,interaction_BR,gpu_update_peak_mib,1.048828125,0.2240782719678073,2,"[1.207275390625, 0.890380859375]"
kitchen,main_S,evaluation_gpu_peak_mib,0.533203125,1.2514201798880085,2,"[-0.3516845703125, 1.4180908203125]"
kitchen,main_B,evaluation_gpu_peak_mib,-1.744140625,0.6665379106839013,2,"[-2.2154541015625, -1.2728271484375]"
kitchen,main_R,evaluation_gpu_peak_mib,-0.3033447265625,0.9512105381684269,2,"[0.3692626953125, -0.9759521484375]"
kitchen,111_minus_011_S,evaluation_gpu_peak_mib,0.7158203125,1.4839574929393464,2,"[-0.33349609375, 1.76513671875]"
kitchen,111_minus_101_B,evaluation_gpu_peak_mib,-1.018798828125,1.5416170791005541,2,"[-2.10888671875, 0.0712890625]"
kitchen,111_minus_110_R,evaluation_gpu_peak_mib,0.219970703125,2.579489630002293,2,"[2.0439453125, -1.60400390625]"
kitchen,111_minus_000,evaluation_gpu_peak_mib,-1.4970703125,0.20508858790273887,2,"[-1.64208984375, -1.35205078125]"
kitchen,interaction_SB,evaluation_gpu_peak_mib,0.367431640625,3.4975545378026007,2,"[-2.105712890625, 2.840576171875]"
kitchen,interaction_SR,evaluation_gpu_peak_mib,-0.03662109375,1.509161982698437,2,"[1.030517578125, -1.103759765625]"
kitchen,interaction_BR,evaluation_gpu_peak_mib,1.048828125,0.2240782719678073,2,"[1.207275390625, 0.890380859375]"
kitchen,main_S,cpu_rss_peak_mib,3.533203125,1.4224999699651248,2,"[2.52734375, 4.5390625]"
kitchen,main_B,cpu_rss_peak_mib,40.5166015625,3.2689877950557773,2,"[42.828125, 38.205078125]"
kitchen,main_R,cpu_rss_peak_mib,2.2587890625,1.9707839389711002,2,"[0.865234375, 3.65234375]"
kitchen,111_minus_011_S,cpu_rss_peak_mib,-2.419921875,3.869752345477942,2,"[0.31640625, -5.15625]"
kitchen,111_minus_101_B,cpu_rss_peak_mib,35.578125,5.496650369379803,2,"[39.46484375, 31.69140625]"
kitchen,111_minus_110_R,cpu_rss_peak_mib,-0.44140625,1.0551359000518015,2,"[0.3046875, -1.1875]"
kitchen,111_minus_000,cpu_rss_peak_mib,40.728515625,0.9474126013554133,2,"[41.3984375, 40.05859375]"
kitchen,interaction_SB,cpu_rss_peak_mib,-2.611328125,3.4222863355083297,2,"[-0.19140625, -5.03125]"
kitchen,interaction_SR,cpu_rss_peak_mib,1.865234375,5.018800864906082,2,"[5.4140625, -1.68359375]"
kitchen,interaction_BR,cpu_rss_peak_mib,3.89453125,1.1103786173320005,2,"[3.109375, 4.6796875]"
kitchen,main_S,process_seconds,2.1124797102501134,1.2359665944419593,2,"[2.986440070500066, 1.2385193500001606]"
kitchen,main_B,process_seconds,-0.01685091900014868,0.7270584870327761,2,"[0.4972570674999588, -0.5309589055002562]"
kitchen,main_R,process_seconds,4.063074183999788,0.6091135963612765,2,"[4.493782538499772, 3.632365829499804]"
kitchen,111_minus_011_S,process_seconds,0.3928405065003062,1.9824379298812045,2,"[1.7946358100007274, -1.008954797000115]"
kitchen,111_minus_101_B,process_seconds,-0.9133917030003431,3.154135859449535,2,"[1.3169191520000822, -3.1437025580007685]"
kitchen,111_minus_110_R,process_seconds,2.9148418599995694,1.7442349908322943,2,"[4.14820224999994, 1.6814814699991985]"
kitchen,111_minus_000,process_seconds,5.364776287499808,1.8596561134567156,2,"[6.679751736000071, 4.049800838999545]"
kitchen,interaction_SB,process_seconds,-0.6740209759998379,2.7509098777642826,2,"[1.2711660530003428, -2.6192080050000186]"
kitchen,interaction_SR,process_seconds,-1.1774040559998866,0.16699792187280046,2,"[-1.0593186929995682, -1.295489419000205]"
kitchen,interaction_BR,process_seconds,0.46879278349933884,3.5282099958278277,2,"[2.9636139969993565, -2.026028430000679]"
kitchen,main_S,controller_seconds_cumulative,2.000101025620097,0.4391247010142882,2,"[2.3106090794938154, 1.6895929717463787]"
kitchen,main_B,controller_seconds_cumulative,-0.012575323872283661,0.40120000391651967,2,"[0.2711159195091568, -0.29626656725372413]"
kitchen,main_R,controller_seconds_cumulative,4.401766122624508,0.0694866679710106,2,"[4.3526316285001485, 4.450900616748868]"
kitchen,111_minus_011_S,controller_seconds_cumulative,1.0310120909764464,0.5616539065329602,2,"[1.428161376965818, 0.6338628049870749]"
kitchen,111_minus_101_B,controller_seconds_cumulative,-0.9101113935062131,1.4262711267036507,2,"[0.09841459199651581, -1.918637379008942]"
kitchen,111_minus_110_R,controller_seconds_cumulative,3.4073162814841,0.43205967561051795,2,"[3.712828607985557, 3.1018039549826426]"
kitchen,111_minus_000,controller_seconds_cumulative,5.98913162749659,0.8024456299871627,2,"[6.556546373994024, 5.421716880999156]"
kitchen,interaction_SB,controller_seconds_cumulative,-0.47201496626144035,0.614446391696909,2,"[-0.03753575601695047, -0.9064941765059302]"
kitchen,interaction_SR,controller_seconds_cumulative,-0.6658425092743983,0.43260316671429594,2,"[-0.9717391420208514, -0.3599458765279451]"
kitchen,interaction_BR,controller_seconds_cumulative,-0.5227367792549558,1.372480667822622,2,"[0.44775360800986164, -1.4932271665197732]"
