dataset,seed,factors,index,valid_pixels,covered_pixels,squared_error,absolute_error,penalized_squared_error
tum-desk,7,000,3,231872,231872,7874.504601531834,21630.903660714626,7874.504601531834
tum-desk,7,000,9,229817,229817,1203.696760656557,8872.019339680672,1203.696760656557
tum-desk,7,000,15,222753,222753,938.6345014395265,7334.826597750187,938.6345014395265
tum-desk,7,000,21,240499,240499,901.6151126284288,9737.266042768955,901.6151126284288
tum-desk,7,000,27,235184,235184,5135.0734332273705,13653.300370514393,5135.0734332273705
tum-desk,7,000,33,220669,220669,14588.046413016857,30198.366398513317,14588.046413016857
tum-desk,7,000,39,210430,210430,3748.769519737052,12194.093128293753,3748.769519737052
tum-desk,7,000,45,201800,201800,1113.7287341384204,6337.104493379593,1113.7287341384204
tum-desk,7,000,51,202370,202370,2035.2562604122613,9278.55968618393,2035.2562604122613
tum-desk,7,000,57,240003,240003,356.35807489104485,4297.641608864069,356.35807489104485
tum-desk,7,000,63,237166,237166,1467.121569301855,7911.683526337147,1467.121569301855
tum-desk,7,000,69,219437,219437,6045.616875921779,19496.43249952793,6045.616875921779
tum-desk,7,000,75,223612,223612,9393.148446046862,20530.256708920002,9393.148446046862
tum-desk,7,000,81,219524,219524,6024.073916736868,12347.182972848415,6024.073916736868
tum-desk,7,000,87,228641,228641,14462.627140177814,19579.150120854378,14462.627140177814
tum-desk,7,000,93,234425,234425,17863.473396765927,26374.783685088158,17863.473396765927
tum-desk,7,000,99,250288,250288,1616.1230443225447,9861.209558010101,1616.1230443225447
tum-desk,7,000,105,224825,224825,656.1559240954807,4525.686107546091,656.1559240954807
tum-desk,7,000,111,248214,248214,357.68913254498057,3441.776806652546,357.68913254498057
tum-desk,7,000,117,244128,244128,192.48589538103667,3648.689015209675,192.48589538103667
tum-desk,7,111,3,231872,231863,6140.895674304794,15925.228667080402,6236.713173331557
tum-desk,7,111,9,229817,229817,1411.7470157222158,8819.802444338799,1411.7470157222158
tum-desk,7,111,15,222753,222753,770.6393672852462,6733.746568620205,770.6393672852462
tum-desk,7,111,21,240499,240499,799.4820738908396,9158.348633289337,799.4820738908396
tum-desk,7,111,27,235184,235184,5586.922969852419,14292.039863526821,5586.922969852419
tum-desk,7,111,33,220669,220669,13929.443547506833,27946.96419775486,13929.443547506833
tum-desk,7,111,39,210430,210430,3741.479153599543,13825.105404883623,3741.479153599543
tum-desk,7,111,45,201800,201800,1400.3924162612288,6456.580519795418,1400.3924162612288
tum-desk,7,111,51,202370,202370,1978.9172849185063,9241.763234972954,1978.9172849185063
tum-desk,7,111,57,240003,240003,305.3720682962586,3808.3773017823696,305.3720682962586
tum-desk,7,111,63,237166,237166,1117.4941805631986,7560.671084403992,1117.4941805631986
tum-desk,7,111,69,219437,219399,6009.0515173496615,18270.744834661484,6201.689371857143
tum-desk,7,111,75,223612,223612,9694.902226312586,20910.990850627422,9694.902226312586
tum-desk,7,111,81,219524,219221,5755.104799787984,11747.118175327778,8001.063469793489
tum-desk,7,111,87,228641,228586,14243.694076434187,19209.802745461464,14839.835473567073
tum-desk,7,111,93,234425,234425,18225.230794456078,26511.737782895565,18225.230794456078
tum-desk,7,111,99,250288,250282,1347.7000792618226,9465.796000659466,1422.4548463346248
tum-desk,7,111,105,224825,224825,805.2387942312508,4735.61977571249,805.2387942312508
tum-desk,7,111,111,248214,248214,352.88954964610343,3315.5454609394073,352.88954964610343
tum-desk,7,111,117,244128,244128,191.19392723526013,3584.099893927574,191.19392723526013
tum-desk,17,000,3,231872,231872,6810.734061303975,18279.164713323116,6810.734061303975
tum-desk,17,000,9,229817,229817,1383.0511829721795,9224.367895960808,1383.0511829721795
tum-desk,17,000,15,222753,222753,801.9126498701859,7264.386365532875,801.9126498701859
tum-desk,17,000,21,240499,240499,890.0542148445257,9831.265300035477,890.0542148445257
tum-desk,17,000,27,235184,235184,4974.367608078871,13734.163758993149,4974.367608078871
tum-desk,17,000,33,220669,220669,16509.214149775307,32230.67960423231,16509.214149775307
tum-desk,17,000,39,210430,210430,3789.254752321954,12865.810902565718,3789.254752321954
tum-desk,17,000,45,201800,201800,1227.2607439873861,6624.990456879139,1227.2607439873861
tum-desk,17,000,51,202370,202370,2010.9570220347962,9224.075757563114,2010.9570220347962
tum-desk,17,000,57,240003,240003,353.3670685028186,4742.972305357456,353.3670685028186
tum-desk,17,000,63,237166,237166,1228.6535001498867,7976.897155940533,1228.6535001498867
tum-desk,17,000,69,219437,219407,6736.565980258293,20820.097562789917,6933.097953848407
tum-desk,17,000,75,223612,223612,10386.490793125338,22408.390974640846,10386.490793125338
tum-desk,17,000,81,219524,219524,5646.861920822831,12296.355579316616,5646.861920822831
tum-desk,17,000,87,228641,228641,14439.896705716861,20013.61114436388,14439.896705716861
tum-desk,17,000,93,234425,234425,18776.276986897232,27458.223147451878,18776.276986897232
tum-desk,17,000,99,250288,250288,1275.9491374970542,9411.338119029999,1275.9491374970542
tum-desk,17,000,105,224825,224825,498.0429278058885,4039.3998351097107,498.0429278058885
tum-desk,17,000,111,248214,248214,309.5210306076778,3229.697807818651,309.5210306076778
tum-desk,17,000,117,244128,244128,152.76087119319092,3518.119701474905,152.76087119319092
tum-desk,17,111,3,231872,231872,6276.440324366144,16236.75552457571,6276.440324366144
tum-desk,17,111,9,229817,229817,1218.2562452407103,8253.164598822594,1218.2562452407103
tum-desk,17,111,15,222753,222753,761.302333537337,6602.945524275303,761.302333537337
tum-desk,17,111,21,240499,240499,746.680713404811,8722.56626957655,746.680713404811
tum-desk,17,111,27,235184,234847,5224.494837248882,13628.468998789787,7203.560337581375
tum-desk,17,111,33,220669,220669,14567.203141042919,28273.342911303043,14567.203141042919
tum-desk,17,111,39,210430,210430,2957.890470672891,11386.922271996737,2957.890470672891
tum-desk,17,111,45,201800,201800,1413.4915139888844,6326.312021553516,1413.4915139888844
tum-desk,17,111,51,202370,202368,2075.0844323907577,9272.781674921513,2104.9084030281747
tum-desk,17,111,57,240003,240003,483.29012039614054,4821.45388045907,483.29012039614054
tum-desk,17,111,63,237166,237166,1285.2819013083495,8212.019244134426,1285.2819013083495
tum-desk,17,111,69,219437,219061,5740.334073901515,17594.124735593796,7877.140712659001
tum-desk,17,111,75,223612,223612,9782.999256795534,20782.65839165449,9782.999256795534
tum-desk,17,111,81,219524,219524,5806.300999583184,11679.524724245071,5806.300999583184
tum-desk,17,111,87,228641,228641,14239.30176755287,19527.261884987354,14239.30176755287
tum-desk,17,111,93,234425,234425,18398.27307466375,26263.00707346201,18398.27307466375
tum-desk,17,111,99,250288,250288,1159.005709564798,9160.001276910305,1159.005709564798
tum-desk,17,111,105,224825,224825,591.6057763570356,4343.663863390684,591.6057763570356
tum-desk,17,111,111,248214,248214,389.38047388518424,3140.6763013005257,389.38047388518424
tum-desk,17,111,117,244128,244128,161.44494780544107,3235.7562844753265,161.44494780544107
tum-desk2,7,000,3,202985,202985,4978.343310469632,26287.039054811,4978.343310469632
tum-desk2,7,000,9,242835,242835,13572.727021510254,31989.289908647537,13572.727021510254
tum-desk2,7,000,15,241962,241962,4494.991415733238,16011.703338861465,4494.991415733238
tum-desk2,7,000,21,247561,247561,1278.7402302544108,9093.286210298538,1278.7402302544108
tum-desk2,7,000,27,238667,238667,8899.950472901992,22450.088661789894,8899.950472901992
tum-desk2,7,000,33,243963,243963,2848.299344279114,13557.93642026186,2848.299344279114
tum-desk2,7,000,39,235232,235232,2410.9171177588332,8693.766633152962,2410.9171177588332
tum-desk2,7,000,45,213148,213148,7132.516442018581,20297.71115922928,7132.516442018581
tum-desk2,7,000,51,194799,194799,7111.779763168408,22611.64656764269,7111.779763168408
tum-desk2,7,000,57,231877,231877,20257.478825476483,33652.29838657379,20257.478825476483
tum-desk2,7,000,63,222158,222158,1230.6388182798512,7058.817346215248,1230.6388182798512
tum-desk2,7,000,69,216591,216591,5328.128906310659,13330.627254068851,5328.128906310659
tum-desk2,7,000,75,231819,231819,7063.200029535696,20231.00354540348,7063.200029535696
tum-desk2,7,000,81,248488,248488,11082.43572682774,22232.00330197811,11082.43572682774
tum-desk2,7,000,87,218599,218599,14459.683914348783,35683.11679518223,14459.683914348783
tum-desk2,7,000,93,222617,222617,5740.0426294782,15097.763393938541,5740.0426294782
tum-desk2,7,000,99,244247,244247,2557.88804450799,13859.483919501305,2557.88804450799
tum-desk2,7,000,105,231794,231794,4592.057631212096,13987.156213402748,4592.057631212096
tum-desk2,7,000,111,225670,225670,6152.892589613723,15118.972253739834,6152.892589613723
tum-desk2,7,000,117,233429,233429,5405.818483129807,16664.705367326736,5405.818483129807
tum-desk2,7,111,3,202985,202985,4186.2640003792,24729.540887773037,4186.2640003792
tum-desk2,7,111,9,242835,242835,9749.31878431781,23071.404281497,9749.31878431781
tum-desk2,7,111,15,241962,241962,4493.22313519636,16313.350029289722,4493.22313519636
tum-desk2,7,111,21,247561,247561,1503.6600602755404,9856.364779472351,1503.6600602755404
tum-desk2,7,111,27,238667,238667,7576.885204431974,20229.254357933998,7576.885204431974
tum-desk2,7,111,33,243963,243963,2871.0404769501683,13474.502505481243,2871.0404769501683
tum-desk2,7,111,39,235232,235232,2300.5693633388323,8545.113592743874,2300.5693633388323
tum-desk2,7,111,45,213148,213148,7799.564894963393,21583.302082896233,7799.564894963393
tum-desk2,7,111,51,194799,194799,7573.291978575254,22836.6649441123,7573.291978575254
tum-desk2,7,111,57,231877,231877,19835.835385883187,34043.67769151926,19835.835385883187
tum-desk2,7,111,63,222158,222158,1214.6290845296055,7242.175259590149,1214.6290845296055
tum-desk2,7,111,69,216591,216591,4611.423355444548,11703.004881083965,4611.423355444548
tum-desk2,7,111,75,231819,231819,6904.97175025644,18077.10879713297,6904.97175025644
tum-desk2,7,111,81,248488,248488,10761.405469908244,22407.176488399506,10761.405469908244
tum-desk2,7,111,87,218599,218599,15008.828435592704,34922.04498964548,15008.828435592704
tum-desk2,7,111,93,222617,222617,5228.131513154227,14728.631649672985,5228.131513154227
tum-desk2,7,111,99,244247,244247,2434.218216833802,13544.755555391312,2434.218216833802
tum-desk2,7,111,105,231794,231794,5463.73425407908,14948.009416759014,5463.73425407908
tum-desk2,7,111,111,225670,225670,6152.029374793255,15922.670528054237,6152.029374793255
tum-desk2,7,111,117,233429,233429,5539.921017849654,16872.167280495167,5539.921017849654
tum-desk2,17,000,3,202985,202985,3874.419186397128,23173.153687894344,3874.419186397128
tum-desk2,17,000,9,242835,242835,10626.762291929386,25062.011551976204,10626.762291929386
tum-desk2,17,000,15,241962,241962,4778.427074657334,15846.305014669895,4778.427074657334
tum-desk2,17,000,21,247561,247561,1333.7110068510042,9125.55796250701,1333.7110068510042
tum-desk2,17,000,27,238667,238667,8999.084603228286,22721.191874980927,8999.084603228286
tum-desk2,17,000,33,243963,243963,2694.587121542003,13757.702007055283,2694.587121542003
tum-desk2,17,000,39,235232,235232,2802.359743262892,9304.601813197136,2802.359743262892
tum-desk2,17,000,45,213148,213148,7838.45680762119,21279.336647331715,7838.45680762119
tum-desk2,17,000,51,194799,194799,8484.185064363717,23938.397667229176,8484.185064363717
tum-desk2,17,000,57,231877,231877,21395.115864393614,36663.46132397652,21395.115864393614
tum-desk2,17,000,63,222158,222158,1303.1706898620862,7354.515661120415,1303.1706898620862
tum-desk2,17,000,69,216591,216591,5240.020090290137,13542.646982729435,5240.020090290137
tum-desk2,17,000,75,231819,231819,6888.893219607739,19084.829169869423,6888.893219607739
tum-desk2,17,000,81,248488,248488,10542.474769009861,22642.855257987976,10542.474769009861
tum-desk2,17,000,87,218599,218599,13419.64504958905,33291.423476576805,13419.64504958905
tum-desk2,17,000,93,222617,222617,5478.340355830174,14973.978122532368,5478.340355830174
tum-desk2,17,000,99,244247,244247,2463.8263104024372,13449.542505025864,2463.8263104024372
tum-desk2,17,000,105,231794,231794,4882.802512784261,14438.274050831795,4882.802512784261
tum-desk2,17,000,111,225670,225670,5916.805414645713,15078.792704939842,5916.805414645713
tum-desk2,17,000,117,233429,233429,5470.147814449925,16312.322101831436,5470.147814449925
tum-desk2,17,111,3,202985,202985,3294.3029337183634,21629.257845520973,3294.3029337183634
tum-desk2,17,111,9,242835,242835,9298.296848646203,23160.37175166607,9298.296848646203
tum-desk2,17,111,15,241962,241962,4898.252092090467,16370.640546023846,4898.252092090467
tum-desk2,17,111,21,247561,247561,1428.9920764005863,9616.031364440918,1428.9920764005863
tum-desk2,17,111,27,238667,238667,7984.022379730782,21031.689091086388,7984.022379730782
tum-desk2,17,111,33,243963,243963,3456.8870454466596,13606.93872642517,3456.8870454466596
tum-desk2,17,111,39,235232,235232,2881.5721317417856,8450.241066157818,2881.5721317417856
tum-desk2,17,111,45,213148,213148,8635.093663595604,21864.36715209484,8635.093663595604
tum-desk2,17,111,51,194799,194799,7305.689598603793,21539.19123017788,7305.689598603793
tum-desk2,17,111,57,231877,231877,20461.39441295465,34752.4726023078,20461.39441295465
tum-desk2,17,111,63,222158,222158,1592.2934524973289,8181.6366856098175,1592.2934524973289
tum-desk2,17,111,69,216591,216591,4519.785367045137,12073.255433499813,4519.785367045137
tum-desk2,17,111,75,231819,231819,7186.447550177218,19212.94069725275,7186.447550177218
tum-desk2,17,111,81,248488,248488,10975.72082876945,23175.544716000557,10975.72082876945
tum-desk2,17,111,87,218599,218599,11891.23964362269,32339.733458697796,11891.23964362269
tum-desk2,17,111,93,222617,222617,4800.254372924655,14713.29039800167,4800.254372924655
tum-desk2,17,111,99,244247,244247,2806.511284951204,14186.762982785702,2806.511284951204
tum-desk2,17,111,105,231794,231794,5022.659104272864,14689.768549740314,5022.659104272864
tum-desk2,17,111,111,225670,225670,6265.818499089626,15939.782885849476,6265.818499089626
tum-desk2,17,111,117,233429,233429,5282.373475924506,16526.915503025055,5282.373475924506
