psnr,ssim,object_sam_miou,fine_sam_miou,small_fine_sam_miou,old_psnr,old_fine_sam_miou,old_psnr_change,old_fine_change,gaussians,mapping_seconds,update_p95_ms,gpu_update_peak_mib,evaluation_gpu_peak_mib,cpu_rss_peak_mib,process_seconds,controller_seconds_cumulative,dataset,seed,factors,growth_events,pruned,protected_max,optimized_pixels_total,whole_gpu_sampled_peak_mib,whole_gpu_samples,whole_gpu_partial_coverage
19.755810325726756,0.6542969882488251,0.43037992678351317,0.3528917284049768,0.08657701790896359,19.387564617394716,0.37548951556653504,-1.6517716833006482,-0.00936036852919242,299258,48.122727758000565,30.004291499858482,323.875,323.875,1848.96484375,64.20844357399983,17.112652642995727,tum-desk,7,000,34,78486,0,726355968,676.0,63,False
19.981827654056058,0.6679898083209992,0.4206713862563677,0.3376524748288598,0.07787771630513377,19.82462869965601,0.3665825455604943,-1.2087974810360471,-0.018988836048418556,298946,54.36022576099958,30.010325899752388,328.55419921875,328.55419921875,1853.18359375,69.03234178299999,23.4671802500211,tum-desk,7,001,34,77365,0,726355968,664.0,68,False
19.830425353343866,0.6615781188011169,0.4092087608184107,0.34157441765960633,0.08211134672581086,19.157128634021692,0.3810546193626198,-1.8746024842545062,-0.0487392692994606,299015,47.24445289999994,29.563662350028608,323.25341796875,323.25341796875,1909.83984375,61.92846567400011,16.9922515950052,tum-desk,7,010,34,79746,1151,726355968,624.0,60,True
19.961712695884017,0.6630520910024643,0.422488800588465,0.34064786605160624,0.08164607957686922,20.12411479146582,0.34957527962102625,-0.8972410156913853,-0.029073992550290306,298893,54.60521186000051,30.065080800181924,330.5302734375,330.5302734375,1908.41015625,69.22858548699969,23.969293025006664,tum-desk,7,011,33,79874,1473,726355968,686.0,67,False
19.742240538617843,0.6574738591909408,0.4141501373332973,0.35452521252459673,0.0878564481714779,19.346963686452767,0.40513396009160846,-2.1925503013661505,0.005515392105115258,299335,48.26771454699974,30.80045744986819,320.5986328125,320.5986328125,1857.15234375,62.87728155500008,17.948370419008825,tum-desk,7,100,34,80297,0,726355968,634.0,62,False
20.037577547530695,0.6661109387874603,0.4157945844043753,0.3543948786599274,0.08351807457321465,19.92037652763022,0.38524401513450707,-1.6290748723243844,-0.014738441880410513,299097,56.0298648830003,30.966814149837774,334.943359375,334.943359375,1853.72265625,70.63144802900024,25.075899529998424,tum-desk,7,101,34,79504,0,726355968,694.0,69,False
19.817690559734356,0.6595255464315415,0.4231708646832633,0.34128944866759664,0.08410176949183198,19.08506130851097,0.3430954475865006,-1.447136271239465,-0.018636563726046274,298948,48.62689101699971,30.231977299945356,323.47607421875,323.47607421875,1908.62890625,63.29465445899996,18.115837441004714,tum-desk,7,110,34,82237,1334,726355968,652.0,61,False
19.933642477646124,0.6646989285945892,0.41957612495849966,0.3497725007205844,0.08841601968593694,19.65270628546992,0.3997050019010873,-0.8671664285557732,0.030390845891017204,298800,57.23123640599988,31.11199504983233,330.59228515625,330.59228515625,1906.3203125,73.46683713499988,26.04336153698432,tum-desk,7,111,34,78955,1325,726355968,652.0,71,True
19.63478003525389,0.6500186651945115,0.4226205952851793,0.3353921321875188,0.08515308576788258,18.916232308046357,0.3261178414874007,-2.10220693365585,-0.01944393726096688,299131,47.42049997000049,29.12969944977703,326.42578125,326.42578125,1869.21875,62.07857035000052,16.974574819996633,tum-desk,17,000,33,76411,0,720297984,630.0,61,False
19.940322580465853,0.667564469575882,0.40497422975394626,0.34884894045342146,0.08715227689545599,19.706966794954273,0.3664668763945582,-1.3190588925900997,0.024849814176700846,299005,54.70560264100186,30.170217049953862,328.87109375,328.87109375,1863.1171875,69.41501625599994,24.08697250097339,tum-desk,17,001,34,76088,0,720297984,644.0,67,False
19.501042414847568,0.652231402695179,0.40582448206318095,0.3530208831452454,0.08845399509226866,19.3124874364624,0.36878808954643943,-1.7148948869566851,-0.011747691205576727,299037,47.44691858600072,29.131911250215122,336.65966796875,336.65966796875,1909.68359375,62.28349625900046,17.176687232019503,tum-desk,17,010,34,79179,1304,720297984,640.0,61,True
19.81526448561425,0.6633135855197907,0.42282670114004217,0.35126408593811764,0.0948356838710165,19.47627063533415,0.36143323408497025,-1.5420206726762977,-0.022333559641622536,298723,54.751998627999455,30.034412499480823,315.42919921875,315.42919921875,1903.93359375,69.44506024400016,24.117437687045822,tum-desk,17,011,34,78021,1467,720297984,668.0,68,False
19.367959252950044,0.646137934923172,0.41633701014340196,0.3468909573287543,0.09616685745031435,18.71139940164275,0.353822078866302,-2.13910674864022,-0.04428164518525074,299075,48.42669073700017,30.68854119997013,334.46533203125,334.46533203125,1868.421875,63.12325285800034,17.86154820396405,tum-desk,17,100,34,77346,0,720297984,620.0,62,False
19.940525782104302,0.6645216286182404,0.40833104364506306,0.35784012850397995,0.11705524769105015,19.474374152453656,0.41020754082310873,-1.4654550881941226,-0.008657686668100961,298912,56.01199249199999,30.79734480006664,329.607421875,329.607421875,1854.15234375,70.70522674099993,25.4417778949919,tum-desk,17,101,34,76952,0,720297984,660.0,69,False
19.65406876683208,0.6521427303552627,0.4040186493621963,0.3506107513837336,0.0871827925266687,19.0455852198501,0.369430755029718,-1.973137577962376,-0.043827352172276124,299064,48.443513993001034,30.11715009993167,321.29541015625,321.29541015625,1897.953125,63.30077200799951,18.123939202971997,tum-desk,17,110,34,80188,1796,720297984,614.0,62,False
19.885837010246224,0.6634418040513992,0.42378941271934917,0.3523541730464571,0.0854221169918324,19.82825888723229,0.3623797221233842,-1.1338802726080814,-0.03438743091365337,298902,55.92224157400051,30.85902760008139,322.13330078125,322.13330078125,1908.00390625,70.57636530399941,25.303259569996953,tum-desk,17,111,34,79578,1358,720297984,644.0,68,False
24.517699650559017,0.7894989660808018,0.2712080587122944,0.24775923414705914,0.11591954551740606,20.44389378834992,0.21344527187235277,-1.4654409106597512,0.038511373996997056,299532,63.58307653400061,28.706668649829226,321.3720703125,321.3720703125,1742.35546875,87.05635093000001,37.44527264599628,kitchen,7,000,34,58486,0,665876608,644.0,85,False
25.861015518412675,0.8168891191482544,0.3052672407529204,0.24094641905448902,0.07572850253274419,24.504970451241647,0.2761176436656373,2.698628430709064,0.11231805527284608,299519,67.64362147699967,28.60033125002701,321.17822265625,321.17822265625,1734.13671875,89.30025787600016,41.68208678799283,kitchen,7,001,34,60592,0,665876608,638.0,87,False
25.153083047759594,0.802181533404759,0.2950991271479289,0.21221155748328238,0.07266848296607417,22.689650593337007,0.20240281505053417,0.9108731870463345,0.03730323044243425,299455,63.09137576599824,28.697650500180316,320.16162109375,320.16162109375,1778.90234375,84.13849003200039,37.13346938599989,kitchen,7,010,34,61211,4845,665876608,648.0,82,False
25.738262183831697,0.8135564889226641,0.29938381054425933,0.21249707661150588,0.0702174999774796,24.459845816311756,0.22223427623771466,2.711941554621788,0.05074118923478524,299337,69.36805882199951,28.87536870034637,320.0634765625,320.0634765625,1783.4375,91.94146685599935,42.57365764302449,kitchen,7,011,34,61885,4685,665876608,648.0,90,False
25.142150648902625,0.8017516885484968,0.2748773023596304,0.24755790769662542,0.08105573315154638,23.16354940908821,0.21777623086998765,1.2602774586915366,0.07028896145732128,299527,66.31702547600071,30.034853150141316,322.11376953125,322.11376953125,1737.44921875,88.63913937999996,39.8827089209999,kitchen,7,100,34,59853,0,665876608,644.0,86,False
25.711884352208646,0.816080663885389,0.2890364671111525,0.2393254111553067,0.08842719875534,24.261487111633084,0.2519761333479651,2.3687475956169877,0.10589300752197867,299520,70.04031225900053,29.685306100122943,321.8388671875,321.8388671875,1744.2890625,92.419183514,43.90340442799379,kitchen,7,101,34,60675,0,665876608,642.0,91,False
24.9378596721094,0.7925076740128654,0.29796243700501623,0.20809711715676824,0.08029634748539581,22.37638297130547,0.23781073041639186,0.46179049228474867,0.06610273842448733,299372,66.9385759070019,30.08124734994908,317.68603515625,317.68603515625,1783.44921875,89.58790041600014,40.28899041200475,kitchen,7,110,34,61747,5207,665876608,636.0,88,False
25.742143963477115,0.8128166062491281,0.31336044449942463,0.24129226607245444,0.10785088111153816,24.24932240905444,0.24276129829326049,2.2496602250754876,0.06406576685652521,299341,70.11060818400028,29.442042100163235,319.72998046875,319.72998046875,1783.75390625,93.73610266600008,44.00181901999031,kitchen,7,111,34,62611,6968,665876608,646.0,92,False
24.972228049510925,0.7980815427643912,0.3000666178662436,0.202458760273555,0.06144893991241906,22.55310501182488,0.22052332632113156,1.1673869083323822,0.06268661301204284,299496,63.7605260549999,28.892572599897903,324.26318359375,324.26318359375,1741.44140625,85.70620006799982,37.42904682799872,kitchen,17,000,34,59612,0,660802304,654.0,83,False
25.597233374089964,0.8136196085384914,0.295762137486477,0.21645634592182073,0.0715325006670406,24.418106765869354,0.24999141666888436,3.208408428985347,0.10297765036889439,299468,68.89806850199966,29.02105280008982,322.87255859375,322.87255859375,1737.2578125,90.7091993869999,42.38402382602908,kitchen,17,001,34,59796,0,660802304,630.0,88,False
24.778284165188577,0.7903790967805046,0.27744893292266865,0.2131298912068742,0.0768422183505436,21.70356968745835,0.19307068567765726,-0.08045187263665099,0.03388992040068409,299409,64.54778269600047,29.00452005033003,320.603515625,320.603515625,1773.484375,87.20773394499975,37.91013079201548,kitchen,17,010,34,59691,4476,660802304,656.0,85,False
25.560653825759996,0.8134850706372942,0.3130528950276305,0.22031066115900025,0.07584320796210388,24.252664214971457,0.21227349642056914,2.802325099686442,0.07124620737777024,299395,68.15736320699943,28.483436300439276,321.14599609375,321.14599609375,1786.65625,90.76495570399948,42.2169009040108,kitchen,17,011,34,62942,6419,660802304,668.0,89,False
25.156482171538297,0.8002931867327009,0.29770793558986425,0.2296424080114667,0.07480268418004471,22.779808069179833,0.18844855054010487,1.0847558408441458,0.03659803008465157,299530,65.72935501300071,29.832409900336643,324.29150390625,324.29150390625,1743.0,88.61194269499993,39.32934968601967,kitchen,17,100,34,60294,0,660802304,642.0,87,False
25.78036988679871,0.8154207859720503,0.30752563519918036,0.21631821528316397,0.07900785751429992,24.409702243763068,0.20961525353323496,2.7178061278632413,0.058580371788105184,299580,70.61410992599849,29.6005318502921,322.83984375,322.83984375,1749.80859375,92.89970346500013,44.769401088006816,kitchen,17,101,34,59789,0,660802304,658.0,91,False
25.074502485905438,0.7984028220176697,0.2999073987446911,0.22938138717716308,0.09603467854271497,22.376032671380443,0.24248142073993662,0.6792631192053591,0.04602201077482651,299363,65.81060901000092,29.412074900074003,324.51513671875,324.51513671875,1782.6875,88.07451943700016,39.74895975401523,kitchen,17,110,34,60231,3877,660802304,654.0,86,False
25.532729554075328,0.8105062127113343,0.2943068691533736,0.21977069376060643,0.08885572888829289,23.931109835687057,0.24174536457465354,2.359030983244452,0.044600229549592585,299313,68.6887849120003,29.528802800223275,322.9111328125,322.9111328125,1781.5,89.75600090699936,42.850763708997874,kitchen,17,111,34,61333,5547,660802304,650.0,88,False
