dataset,factors,seed,stage,end,steps,gaussians,cap,train_seconds,update_p50_ms,update_p95_ms,compute_p50_ms,gpu_update_peak_mib,cpu_rss_peak_mib,controller_seconds_cumulative,optimized_pixels,replay_probability,teacher_max_frame,psnr,ssim,old_psnr,object_sam_miou,fine_sam_miou,small_fine_sam_miou,fine_coverage,old_fine_sam_miou,gaussian_object_coverage,gaussian_fine_coverage,evaluation_gpu_peak_mib
tum-desk,000,7,1,20,600,49998,50000,7.098526722000315,8.151750500019261,8.957067500000448,6.719556000007287,86.76708984375,1708.125,2.2845632540033876,122695680,0.3,14,21.039336300695364,0.7029019792874655,21.039336300695364,0.5868447900211972,0.38484988409572746,0.2185466377440347,0.8928845334469535,0.38484988409572746,0.1644665786631465,0.06020240809632385,86.76708984375
tum-desk,000,7,2,40,600,99720,100000,5.703140656999949,8.429562000173974,10.0252407998366,6.990621499880945,133.13134765625,1802.25390625,3.6222397589981483,120397824,0.3,36,19.824965433222868,0.6635329467909676,20.92411372162189,0.42724098095679947,0.30703790124072355,0.1419832270275778,0.7782288001288856,0.40508979770480164,0.169484556758925,0.12776774969915763,133.13134765625
tum-desk,000,7,3,60,600,149641,150000,7.945533992000037,9.244941999895673,26.49158795002222,7.290591999890239,182.4033203125,1811.40234375,6.934012142998654,121024512,0.3,58,20.158526418721998,0.6803807556629181,20.83879909989966,0.49885202829708675,0.3342781218266309,0.12941644719420528,0.9177909379428161,0.39708106498185686,0.22384239613474916,0.16760780802052913,182.4033203125
tum-desk,000,7,4,79,600,198980,200000,8.67073041499998,11.228497000047355,27.680228750068636,8.104027500166922,234.6796875,1831.04296875,10.328632053999627,119144448,0.3,72,19.055895294641115,0.6407911823346064,19.290780237959677,0.41537336996163826,0.29641501034938844,0.12905264635225067,0.7844319121580302,0.3847415653298765,0.24581364961302643,0.19358226957483163,234.6796875
tum-desk,000,7,5,99,600,248802,250000,9.437311973000305,12.67515400013508,28.960595600074157,9.636065499989854,285.3115234375,1844.4140625,13.751450678991205,122486784,0.3,94,18.93896459863816,0.6405888237059116,18.53404298732953,0.4119961626652711,0.3267727765089987,0.11989033066628452,0.8666816727263024,0.37389479152256816,0.3226099468653789,0.21331420165432755,285.3115234375
tum-desk,000,7,6,119,600,299258,300000,9.267483998999978,11.610680999865508,30.004291499858482,9.474489000240283,323.875,1848.96484375,17.112652642995727,120606720,0.3,115,19.755810325726756,0.6542969882488251,19.387564617394716,0.43037992678351317,0.3528917284049768,0.08657701790896359,0.8709649429184859,0.37548951556653504,0.3286996504688262,0.23319343175453955,323.875
tum-desk,001,7,1,20,600,49999,50000,7.022351478000019,8.057074500129602,8.473403400012103,6.643552500008809,86.767578125,1707.078125,2.280221374006487,122695680,0.3,14,21.033426180692057,0.7027475039164225,21.033426180692057,0.5865002529934914,0.38557138160891286,0.21830985915492956,0.8934810396250532,0.38557138160891286,0.16446328926578532,0.060241204824096485,86.767578125
tum-desk,001,7,2,40,600,99759,100000,5.704001711000274,8.308936000048561,15.930867899919576,6.870698500051731,135.0302734375,1807.2265625,3.6394473350051157,120397824,0.44999999999999996,36,19.623083835334576,0.6599001458712986,20.80803288111594,0.42128985663712326,0.301394088378269,0.13446898516189662,0.7956329462624003,0.3957754089378189,0.16924788740865485,0.1283994426568029,135.0302734375
tum-desk,001,7,3,60,600,149612,150000,8.606007638999927,9.63396700035446,26.174162799998157,7.211030000007668,178.9853515625,1813.921875,7.643417654009681,121024512,0.5,58,20.089372046419292,0.678921353816986,20.6242636133014,0.4977648068581889,0.33142252881240397,0.13601710012137924,0.915846150679775,0.40001514954322964,0.21982862337245676,0.16500681763494907,178.9853515625
tum-desk,001,7,4,79,600,199115,200000,10.17515900799981,11.639869999726216,27.57792900026743,7.983143499814105,224.06005859375,1827.625,12.605917002016213,119144448,0.5249999999999999,72,19.69603256143663,0.6656964650520911,20.653132002137905,0.4228088777492502,0.29268812796434135,0.11959441560723534,0.7699454079182197,0.38618283825923605,0.24115712025713784,0.1876151972478216,225.3369140625
tum-desk,001,7,5,99,600,249070,250000,11.124615296999764,12.991623000061736,29.069585649813234,9.49681900010546,283.62646484375,1845.05859375,17.80726690301708,122486784,0.54,94,19.457956816962145,0.6580100394785404,19.562745320835237,0.4297315487815143,0.31036034901553716,0.10691071431178852,0.8492343679290809,0.3647423621139983,0.3200024089613362,0.2099409804472638,283.62646484375
tum-desk,001,7,6,119,600,298946,300000,11.72809062799979,14.078066000365652,30.010325899752388,9.60926149991792,328.55419921875,1853.18359375,23.4671802500211,120606720,0.55,115,19.981827654056058,0.6679898083209992,19.82462869965601,0.4206713862563677,0.3376524748288598,0.07787771630513377,0.8606209902416364,0.3665825455604943,0.3251222628835977,0.2282285094966984,328.55419921875
tum-desk,010,7,1,20,600,49996,50000,6.932682402999944,7.81971599985809,8.59368369999629,6.409996499996851,87.7333984375,1747.30859375,2.280248418005158,122695680,0.3,14,21.0317311182762,0.697950025399526,21.0317311182762,0.589522347563032,0.4297938886620804,0.22484186313973548,0.9164891350660418,0.4297938886620804,0.1730138411072886,0.06858548683894712,87.7333984375
tum-desk,010,7,2,40,600,99700,100000,5.607861507000052,8.06374050011982,16.941811549668238,6.578088499963997,135.6259765625,1848.49609375,3.679870676003702,120397824,0.3,36,19.70696758666631,0.660210839339665,20.96725655331269,0.42569965799452975,0.2901923110551163,0.13114807089260885,0.774746328266953,0.36559991119996177,0.17904714142427283,0.13908726178535608,135.6259765625
tum-desk,010,7,3,60,600,149508,150000,7.472082419999879,9.039554999844768,26.2192456998946,7.061863499984611,181.88134765625,1857.58984375,6.6280541810087925,121024512,0.3,58,20.104642813542466,0.6782854735851288,20.39728860509733,0.508964240421751,0.3314971927046866,0.13061557092322099,0.9267011753270531,0.38607828377451653,0.23707092597051663,0.18855847178746288,181.88134765625
tum-desk,010,7,4,79,600,198896,200000,8.466307325999878,11.084357499839825,27.28773585010913,8.063129499987554,221.45947265625,1873.4375,9.898439764001523,119144448,0.3,72,19.182992759888215,0.6448462697175833,19.896461670203845,0.43272655558595574,0.3015001124550215,0.12137089529531431,0.7861460220142887,0.3856722611714383,0.26369057195720375,0.21654533022283,224.4873046875
tum-desk,010,7,5,99,600,248764,250000,9.46529383699999,12.546764000035182,28.5734878996891,9.339900999975725,282.3154296875,1886.96484375,13.478333559002749,122486784,0.3,94,19.140702615628477,0.6434565894305706,18.727468909153302,0.4259821954205278,0.31414914220879697,0.09576683271961288,0.8608097792432527,0.3497938976554425,0.33851361129423874,0.24050103712755866,282.3154296875
tum-desk,010,7,6,119,600,299015,300000,9.300225407000198,11.584570999957577,29.563662350028608,9.262900499834359,323.25341796875,1909.83984375,16.9922515950052,120606720,0.3,115,19.830425353343866,0.6615781188011169,19.157128634021692,0.4092087608184107,0.34157441765960633,0.08211134672581086,0.8685123139667896,0.3810546193626198,0.3504105145226828,0.26717054328378176,323.25341796875
tum-desk,011,7,1,20,600,49998,50000,6.947990428999674,7.8524034997826675,8.447368899760473,6.436370000074021,88.4853515625,1746.734375,2.2950272060002135,122695680,0.3,14,21.021355807157207,0.6980403065681458,21.021355807157207,0.5823833524061848,0.37864927217131655,0.2230195177956372,0.858031529612271,0.37864927217131655,0.17286691467658707,0.06848273930957238,88.4853515625
tum-desk,011,7,2,40,600,99766,100000,5.736912342000323,8.31562300004407,23.63916930014511,6.851937000192265,129.6591796875,1848.12109375,3.7792565959957756,120397824,0.44999999999999996,36,19.827417784255022,0.6639184440885272,21.218331832784944,0.4190592158739712,0.28809800821662607,0.13527824357532905,0.7637173897524079,0.3646596084971359,0.1789788104163743,0.13871459214562076,130.96923828125
tum-desk,011,7,3,60,600,149519,150000,8.67800323900019,9.624481000173546,26.33913960000882,7.208117499885702,180.81201171875,1857.25390625,7.83896514399612,121024512,0.5,58,20.2023197507579,0.6817777812480926,20.932325289718378,0.4954847163924323,0.3447715744292899,0.12864136204096294,0.9085912957066555,0.3964743662663249,0.23651174767086458,0.1853610577919863,180.81201171875
tum-desk,011,7,4,79,600,199191,200000,10.401911401000234,11.800762999882863,27.658882850164446,7.998165500112009,228.01220703125,1873.30078125,13.05333279499564,119144448,0.5249999999999999,72,19.285344378122726,0.6443192133536706,20.04244353118879,0.43549622547576083,0.2929309961599416,0.1161226724511657,0.7871504589216229,0.3707091042235254,0.2580889698831775,0.21215315953030006,228.01220703125
tum-desk,011,7,5,99,600,248875,250000,11.15943164500004,12.882540999953562,29.017415400107893,9.381149999853733,280.16357421875,1885.53515625,18.34900601099207,122486784,0.54,94,19.348914362199025,0.6515661664307117,19.67793653716946,0.43185834385000654,0.31416687241596386,0.09628974489360952,0.8616976436911742,0.37699793583238134,0.3382943244600703,0.2375650426921145,280.16357421875
tum-desk,011,7,6,119,600,298893,300000,11.680962804000046,13.982873500026471,30.065080800181924,9.663131500246891,330.5302734375,1908.41015625,23.969293025006664,120606720,0.55,115,19.961712695884017,0.6630520910024643,20.12411479146582,0.422488800588465,0.34064786605160624,0.08164607957686922,0.8678463276552392,0.34957527962102625,0.3510487030475789,0.26591790373143565,330.5302734375
tum-desk,100,7,1,20,600,49996,50000,7.16651906900006,8.166692500026329,10.44776244989407,6.509060499865882,87.2333984375,1706.95703125,2.442276675006724,122695680,0.3,14,21.539513987818918,0.7100282510121664,21.539513987818918,0.5915137387487607,0.3996185679864932,0.22750281214848145,0.9108649339582445,0.3996185679864932,0.16453316265301224,0.05952476198095848,87.2333984375
tum-desk,100,7,2,40,600,99746,100000,5.7100578519998635,8.474130999729823,10.083889249926868,6.735838999929911,137.87646484375,1809.1796875,3.91398346200549,120397824,0.3,36,19.589175245203045,0.6589721781866891,20.595954695384183,0.4231971420057756,0.309301683663813,0.1395689155569095,0.7854957755649172,0.3958504733708554,0.1700619573717242,0.12731337597497644,137.87646484375
tum-desk,100,7,3,60,600,149526,150000,7.721872175000044,9.260905500241279,26.558772499947736,6.993624000187992,181.5,1814.70703125,7.155459021005299,121024512,0.3,58,19.904316202261942,0.673352324962616,20.462961757743624,0.5055209525857975,0.3350922251039947,0.1279199124033488,0.9200251284193663,0.40852448305426226,0.22471008386501345,0.16575043805090753,181.5
tum-desk,100,7,4,79,600,199053,200000,8.753439594000156,11.35483800021575,28.026086749946444,7.868239000117683,223.3984375,1830.7421875,10.734520444007103,119144448,0.3,72,18.86417093867356,0.6355871420640212,19.09730401330763,0.423619983801138,0.3012738903026158,0.12021343481653628,0.7821177057629572,0.39288782116853405,0.24561800123585176,0.18945707927034508,223.3984375
tum-desk,100,7,5,99,600,248946,250000,9.706714020999698,12.955929999861837,29.309927349936515,9.477518000039709,283.2197265625,1846.62109375,14.521327175013084,122486784,0.3,94,19.09388138153828,0.6407327950000763,18.971055848963335,0.4199079108919021,0.3276749019489538,0.10630464783927701,0.86307973205776,0.392667139817076,0.32477324399669005,0.21070432945297374,283.2197265625
tum-desk,100,7,6,119,600,299335,300000,9.20911183599992,11.833255000055942,30.80045744986819,9.313246000147046,320.5986328125,1857.15234375,17.948370419008825,120606720,0.3,115,19.742240538617843,0.6574738591909408,19.346963686452767,0.4141501373332973,0.35452521252459673,0.0878564481714779,0.8736566765987427,0.40513396009160846,0.3286451634456378,0.23065461773598142,320.5986328125
tum-desk,101,7,1,20,600,49996,50000,7.154718848999892,8.291436000035901,8.762353849920146,6.655597499957366,87.4375,1707.046875,2.4141039659966737,122695680,0.3,14,21.549451399954606,0.7101800441741943,21.549451399954606,0.5924851983675267,0.3999824570149176,0.2306598407281001,0.9193012356199404,0.3999824570149176,0.16455316425314026,0.05952476198095848,87.4375
tum-desk,101,7,2,40,600,99738,100000,5.932211578000079,8.672275999742851,24.58510725020915,6.9465630001559475,138.29052734375,1809.19140625,4.029551121989243,120397824,0.44999999999999996,36,19.65167679627185,0.6577153120722089,20.739670406006308,0.4168774258399419,0.29615444815595016,0.14459406350375834,0.7749801999430032,0.37907974097431835,0.16944394313100322,0.1273336140688604,138.29052734375
tum-desk,101,7,3,60,600,149458,150000,8.927382207999926,10.033910000174728,26.677199500113602,7.279891000280259,180.79248046875,1818.40625,8.324555871990924,121024512,0.5,58,19.960203846655297,0.680280989408493,20.653049971431027,0.49744184157985155,0.3434407226031749,0.1294144928031219,0.9122533766232189,0.39604282413940783,0.2205837091356769,0.1642869568708266,180.79248046875
tum-desk,101,7,4,79,600,199207,200000,10.480872633000217,12.12898399990081,28.272447150015978,8.05266399993343,235.11181640625,1828.5546875,13.56398872398995,119144448,0.5249999999999999,72,19.49176993234118,0.6634718408951392,20.80063332758782,0.4205751012207767,0.2898321931511535,0.10009075747153506,0.7760030952745252,0.39512185374705083,0.24182885139578428,0.1860677586630992,235.11181640625
tum-desk,101,7,5,99,600,248871,250000,11.619973064000078,13.472132499828149,29.655686999785754,9.544436999703976,284.4541015625,1846.76171875,19.255965548992208,122486784,0.54,94,19.367552474870656,0.6516674943268299,19.03596093411863,0.43067077567973233,0.3286586727602707,0.09472442139003735,0.8534118699415467,0.4098373199280026,0.323882654065761,0.20752116558377634,284.4541015625
tum-desk,101,7,6,119,600,299097,300000,11.914706551000108,14.868067999941559,30.966814149837774,9.649197999806347,334.943359375,1853.72265625,25.075899529998424,120606720,0.55,115,20.037577547530695,0.6661109387874603,19.92037652763022,0.4157945844043753,0.3543948786599274,0.08351807457321465,0.8668074187180638,0.38524401513450707,0.32770973964967887,0.227531536591808,334.943359375
tum-desk,110,7,1,20,600,49995,50000,7.133455101999971,8.14061699998092,8.778701400251517,6.4934520000861085,87.52294921875,1747.0859375,2.4315822589933305,122695680,0.3,14,20.532197579750434,0.686724325021108,20.532197579750434,0.5790078856645211,0.3617320113125469,0.21833333333333332,0.8487430762675756,0.3617320113125469,0.1769176917691769,0.06940694069406941,87.52294921875
tum-desk,110,7,2,40,600,99742,100000,5.772873988999891,8.440675000201736,9.942284399926391,6.706708999672628,134.91455078125,1849.3359375,3.922702195000511,120397824,0.3,36,19.73267139916276,0.6610571827207293,20.818494119895192,0.41645302266463197,0.2966768320339758,0.1470404857321089,0.7778468682440628,0.38077395376748435,0.18667161276092317,0.13829680575885786,134.91455078125
tum-desk,110,7,3,60,600,149518,150000,7.775004954999986,9.38338750006551,26.576986300119643,7.061636000116778,180.11279296875,1858.46484375,7.128478524999991,121024512,0.3,58,19.850094465274132,0.6699389934539794,20.369957152630082,0.49601800175395,0.33261610565157596,0.1398458150088304,0.9248759974398507,0.3717261767665054,0.24509423614548081,0.18573014620313275,180.11279296875
tum-desk,110,7,4,79,600,198936,200000,8.854056911000043,11.490020999872286,28.187877499794922,7.907086499926663,227.1298828125,1871.234375,10.73779438300653,119144448,0.3,72,19.15853206302016,0.6401889828535227,19.81240073744856,0.44476407344145275,0.28561381430169785,0.10862520074533569,0.7668089694128679,0.36550575920541145,0.26864921381750917,0.21238488760204285,227.1298828125
tum-desk,110,7,5,99,600,248872,250000,9.639938695999717,12.909157000194682,29.516887499721634,9.39848749999328,281.18701171875,1885.87890625,14.454299434005407,122486784,0.3,94,18.96119845254416,0.6328650899231434,18.691767989814903,0.4293299858318301,0.3116562211430303,0.09701950220485682,0.8581881087671932,0.33703639474858865,0.34607750168761453,0.2339114082741329,281.18701171875
tum-desk,110,7,6,119,600,298948,300000,9.4515613640001,11.752346500088606,30.231977299945356,9.274730500010264,323.47607421875,1908.62890625,18.115837441004714,120606720,0.3,115,19.817690559734356,0.6595255464315415,19.08506130851097,0.4231708646832633,0.34128944866759664,0.08410176949183198,0.8628741619450232,0.3430954475865006,0.3559582268488165,0.2642867655913403,323.47607421875
tum-desk,111,7,1,20,600,49997,50000,7.327680913999757,8.34732300018004,8.751444149947927,6.6803600000184815,87.52783203125,1748.35546875,2.4692455159961355,122695680,0.3,14,20.519872714025695,0.6865503589312235,20.519872714025695,0.5781973754771187,0.3693141560100701,0.22068771138669674,0.8553046442266723,0.3693141560100701,0.1769106146368782,0.069464167850071,87.52783203125
tum-desk,111,7,2,40,600,99710,100000,6.034004090000053,8.595018000050914,24.58635195021088,6.835448499941776,130.837890625,1848.61328125,4.19636388899653,120397824,0.44999999999999996,36,19.855326108829864,0.6675379361425128,21.05839733922205,0.41170135493681315,0.3027710237773826,0.14774432264537388,0.7731666038472742,0.3966360623625558,0.18458529736235083,0.14045732624611373,130.837890625
tum-desk,111,7,3,60,600,149446,150000,9.002012519000345,10.135721999859015,26.921515900039594,7.358879999856072,181.40478515625,1856.01953125,8.526609032991928,121024512,0.5,58,19.983899235148893,0.6726713955402375,20.43200680157491,0.5105678457189281,0.32874946920493586,0.1373054407949172,0.9192744079296571,0.38666810315658484,0.24121756353465465,0.18777351016420646,181.40478515625
tum-desk,111,7,4,79,600,199081,200000,10.923076261999995,12.261975000228631,28.74750625003344,8.390811000026588,233.69580078125,1871.19140625,14.136160719990585,119144448,0.5249999999999999,72,19.504224820818074,0.6633839102891775,20.485807603131644,0.42876465880713893,0.2958418382006198,0.11535877779724427,0.7779254493333755,0.3842132143550656,0.26447526383733255,0.2154098080680728,233.69580078125
tum-desk,111,7,5,99,600,248948,250000,12.013809550999667,14.050350500156128,29.811289200279134,9.488015999750132,281.1689453125,1883.4453125,20.20716785898003,122486784,0.54,94,19.417716765447977,0.6576490961015224,19.366863582622486,0.42182607374713593,0.32750011193463774,0.1023767347026044,0.8739351417545725,0.39940990572083046,0.3468917203592718,0.2404397705544933,281.1689453125
tum-desk,111,7,6,119,600,298800,300000,11.930653070000062,14.687949000062872,31.11199504983233,9.63774449974153,330.59228515625,1906.3203125,26.04336153698432,120606720,0.55,115,19.933642477646124,0.6646989285945892,19.65270628546992,0.41957612495849966,0.3497725007205844,0.08841601968593694,0.8756825383988593,0.3997050019010873,0.35710508701472554,0.26906626506024095,330.59228515625
tum-desk,000,17,1,20,600,49999,50000,6.945660332999978,7.954937999329559,8.382374450502539,6.542585499573761,87.52734375,1707.38671875,2.2795685139972193,122277888,0.3,14,21.018439241702207,0.6975288788477579,21.018439241702207,0.5859347292873472,0.3455617787483676,0.1977880658436214,0.865956540264167,0.3455617787483676,0.1643232864657293,0.06326126522530451,87.52734375
tum-desk,000,17,2,40,600,99799,100000,5.525602079000237,8.247630500136438,9.45776699977614,6.775434000246605,139.8876953125,1809.7109375,3.5554988919921016,118517760,0.3,36,19.72055162840286,0.6613606469971793,20.785645516781294,0.4125165613967156,0.2879382446647821,0.1229921178014538,0.768970626518414,0.3749123268835737,0.1706630326957184,0.13212557240052505,139.8876953125
tum-desk,000,17,3,60,600,149606,150000,7.764828024000053,8.989388500140194,26.09267699958764,7.025552999948559,181.7744140625,1818.78515625,6.7943458620002275,118517760,0.3,58,20.096829928127228,0.6778258681297302,20.597301267050337,0.49940431912883887,0.3244840000348992,0.12836802679891876,0.9055279455961364,0.3890619056381244,0.22646818977848482,0.17284066147079663,181.7744140625
tum-desk,000,17,4,79,600,199221,200000,8.877040653000222,11.368288000085158,27.472573000386546,8.75754250000682,228.66748046875,1834.85546875,10.361739981001847,122695680,0.3,72,19.11329807259552,0.6431683118526752,19.491179258610458,0.4382831577868053,0.27857975523265605,0.11178446719637877,0.7705077573505703,0.36365311402197675,0.24626921860647222,0.19376471355931352,228.66748046875
tum-desk,000,17,5,99,600,248949,250000,9.51391868599967,12.60072599961859,28.734998850086413,9.432633500182419,286.78759765625,1846.34375,13.959517977996256,120606720,0.3,94,19.204425450054416,0.6441932395100594,18.922242493066445,0.42621693006248274,0.3075722030129005,0.09612092240188715,0.8528613781314326,0.32366454006318374,0.31936661725895665,0.21388316482492398,286.78759765625
tum-desk,000,17,6,119,600,299131,300000,8.793450195000332,11.200885500329605,29.12969944977703,9.241005499916355,326.42578125,1869.21875,16.974574819996633,117682176,0.3,115,19.63478003525389,0.6500186651945115,18.916232308046357,0.4226205952851793,0.3353921321875188,0.08515308576788258,0.8582172891042111,0.3261178414874007,0.3257937157967579,0.23618414674507154,326.42578125
tum-desk,001,17,1,20,600,49999,50000,6.932464267000796,7.907122999768035,8.30057955013217,6.489416499789513,87.38916015625,1708.046875,2.2860089170026185,122277888,0.3,14,21.026025687544372,0.6970421075820923,21.026025687544372,0.5844690477150933,0.34161706221785737,0.19707091469681398,0.8704729441840647,0.34161706221785737,0.16422328446568932,0.0633612672253445,87.38916015625
tum-desk,001,17,2,40,600,99764,100000,5.721086468000067,8.156092000263016,24.110548799626464,6.691509499887616,139.421875,1810.25390625,3.7677077959924645,118517760,0.44999999999999996,36,19.844294143912027,0.66821836573737,21.257996779074972,0.40986731169032903,0.28414244029164876,0.12666369366882704,0.7692939512057748,0.3744269162583032,0.17202598131590555,0.1320716891864801,139.421875
tum-desk,001,17,3,60,600,149552,150000,8.704698698000357,9.584619500401459,26.24961779984005,7.104634999905102,179.56201171875,1815.8203125,7.912635004992808,118517760,0.5,58,20.062180281991274,0.681891280412674,20.966976874866933,0.49781704849129027,0.3321432430185982,0.14026763296302755,0.9210794047772948,0.3867954759974948,0.22202310901893657,0.17006793623622551,179.56201171875
tum-desk,001,17,4,79,600,199382,200000,10.205188067000563,11.555836500065197,27.788060050670538,8.436028000232909,225.70703125,1833.046875,12.881831959996816,122695680,0.5249999999999999,72,19.55691161256908,0.6617068373239957,20.926696821338588,0.41680459392012753,0.2858048289715939,0.12760675913641104,0.7792108326041973,0.3805967954304081,0.2422234705239189,0.18918959585118014,225.70703125
tum-desk,001,17,5,99,600,248987,250000,11.29153883700019,13.058301499768277,29.205629949456124,9.447677999560256,283.44384765625,1844.296875,18.265809436986274,120606720,0.54,94,19.40656272145491,0.6557721048593521,19.41969685090621,0.4083309491417196,0.3165307789385789,0.1166124376426713,0.855040572239483,0.362960210301366,0.3192656644724423,0.21076200765501812,283.44384765625
tum-desk,001,17,6,119,600,299005,300000,11.850626303999888,14.708990499457286,30.170217049953862,9.599556000466691,328.87109375,1863.1171875,24.08697250097339,117682176,0.55,115,19.940322580465853,0.667564469575882,19.706966794954273,0.40497422975394626,0.34884894045342146,0.08715227689545599,0.8661508306876173,0.3664668763945582,0.32709152020869214,0.23237738499356198,328.87109375
tum-desk,010,17,1,20,600,49993,50000,6.942875816999731,7.769776500481385,8.553198399522444,6.36029299994334,87.10302734375,1747.18359375,2.2982070779917194,122277888,0.3,14,21.027382323419086,0.6999599933624268,21.027382323419086,0.5842699005330965,0.38053578075201616,0.23670368205727646,0.8000852151683,0.38053578075201616,0.17490448662812794,0.06976976776748745,87.10302734375
tum-desk,010,17,2,40,600,99680,100000,5.595107696000014,8.14699550073783,9.771079400206855,6.707894999635755,129.6044921875,1848.33984375,3.65829310999834,118517760,0.3,36,19.496955095674416,0.6563427022525242,20.5807119982027,0.4028084738860979,0.3060900545954246,0.14004013901518486,0.7632397784211684,0.4095795441847055,0.17959470304975922,0.13650682182985555,130.494140625
tum-desk,010,17,3,60,600,149636,150000,7.767893365999953,9.026699499827373,26.261251599817115,7.0432194997920305,182.1474609375,1857.37890625,6.893643090998921,118517760,0.3,58,19.989857204688942,0.6749832153320312,20.569875661344927,0.4985278896205087,0.33118995267859425,0.12283862042851812,0.9015721345503158,0.3955668749053303,0.24337726215616562,0.18546339116255448,182.1474609375
tum-desk,010,17,4,79,600,199139,200000,8.586516820000725,11.264207500516932,27.63618784947539,8.659228999476909,233.91455078125,1876.9453125,10.182470277014545,122695680,0.3,72,18.442640485064587,0.6336954556978666,19.141306979199395,0.43838442858136917,0.30233751156379024,0.14004355569944898,0.777019996097005,0.38152953893180874,0.26685882725131693,0.21402638358131756,233.91455078125
tum-desk,010,17,5,99,600,248665,250000,9.544818196000051,12.521729500349466,28.78150690012262,9.333318500466703,282.08203125,1886.93359375,13.865952582022146,120606720,0.3,94,18.870845218486366,0.6368285119533539,18.898616468873456,0.4236151355734088,0.3251700434235108,0.10841653540651382,0.8540057530849813,0.3860926502304463,0.34611223935817265,0.2386343072004504,282.08203125
tum-desk,010,17,6,119,600,299037,300000,9.009706691000247,11.426582499552751,29.131911250215122,9.165652499632415,336.65966796875,1909.68359375,17.176687232019503,117682176,0.3,115,19.501042414847568,0.652231402695179,19.3124874364624,0.40582448206318095,0.3530208831452454,0.08845399509226866,0.8658301980847872,0.36878808954643943,0.3549059146527018,0.2663282470062233,336.65966796875
tum-desk,011,17,1,20,600,49996,50000,6.945047904999228,7.810306999999739,8.513800500031717,6.4006840002548415,86.98388671875,1746.78515625,2.2952998070049944,122277888,0.3,14,21.018291308010447,0.7006146510442098,21.018291308010447,0.5928746437291451,0.3837667937265928,0.2358323494687131,0.8102258201959949,0.3837667937265928,0.1746339707176574,0.06970557644611569,86.98388671875
tum-desk,011,17,2,40,600,99792,100000,5.627338238999982,8.189946500351653,12.770383100359847,6.702213000153279,137.11279296875,1852.6328125,3.6625382080001145,118517760,0.44999999999999996,36,19.903359911100853,0.6703720348221915,21.32520625809331,0.39754705023298503,0.30617947424884134,0.14766504494256685,0.7715851407313546,0.40831065168884284,0.18032507615840948,0.1380170755170755,137.11279296875
tum-desk,011,17,3,60,600,149547,150000,8.917892720000054,9.664467499533202,26.182866950421154,7.13873450013125,180.30224609375,1857.32421875,7.9916619580244515,118517760,0.5,58,19.948797701328324,0.6804790437221527,20.795357821531066,0.49649707518148817,0.3336752578778514,0.13014200700828685,0.9067064380501153,0.40257762599639896,0.23708934314964525,0.18602178579309514,180.30224609375
tum-desk,011,17,4,79,600,199233,200000,10.426348945000427,11.841137500596233,27.591039049502797,8.285718999559322,227.8955078125,1867.41796875,13.181962252044286,122695680,0.5249999999999999,72,19.533995620014142,0.6662412102405841,20.80708979552548,0.43251698599240634,0.30187605215950325,0.13612085284248646,0.7791400309817653,0.3995857651185475,0.26214532733031176,0.21333313256338057,227.8955078125
tum-desk,011,17,5,99,600,248935,250000,11.329695661999722,13.079858500532282,28.888696949934456,9.267596999507077,284.60693359375,1881.05859375,18.637115544052904,120606720,0.54,94,19.32586038980856,0.6556626074016094,19.450141685502683,0.4320131838692674,0.32644231453800326,0.12323729908677815,0.8569299170794156,0.36621483203090127,0.3453994014501778,0.23649145359230322,284.60693359375
tum-desk,011,17,6,119,600,298723,300000,11.505675157000042,13.95209399970554,30.034412499480823,9.434809999675053,315.42919921875,1903.93359375,24.117437687045822,117682176,0.55,115,19.81526448561425,0.6633135855197907,19.47627063533415,0.42282670114004217,0.35126408593811764,0.0948356838710165,0.8630700994739381,0.36143323408497025,0.35428808628729624,0.2659621120569893,315.42919921875
tum-desk,100,17,1,20,600,49998,50000,7.15316275800069,8.110508499612479,9.414062949736033,6.466501999966567,87.560546875,1707.54296875,2.4406980529993234,122277888,0.3,14,20.85050615028297,0.6935588518778483,20.85050615028297,0.584633380086174,0.39810372405155275,0.2141711229946524,0.8566680869194717,0.39810372405155275,0.16656666266650666,0.061162446497859915,87.560546875
tum-desk,100,17,2,40,600,99822,100000,5.8022130919998745,8.474633000332688,15.602416050387534,6.773314999918512,133.14697265625,1805.3515625,3.963943079012097,118517760,0.3,36,19.718537766014887,0.6583802614893232,20.69110518256613,0.4222932601725052,0.28957914210147945,0.1265712767852992,0.7598363059343257,0.371834113177115,0.17249704473963656,0.12661537536815531,133.14697265625
tum-desk,100,17,3,60,600,149630,150000,7.7779615019999255,9.4240824996632,26.76398175021859,7.193002500116563,180.44287109375,1814.515625,7.1419969579856115,118517760,0.3,58,20.073140233302468,0.6738160431385041,20.45277091901822,0.5009218139127862,0.3334861323964574,0.13592239167941167,0.9038013907557765,0.38450151305742003,0.22687963643654346,0.16759339704604692,180.44287109375
tum-desk,100,17,4,79,600,199196,200000,8.582473956000285,11.48937699963426,27.824968799814087,8.56047649995162,222.44287109375,1834.16796875,10.482392508967678,122695680,0.3,72,18.737630682399743,0.6365069288473862,19.636542544417882,0.4123126128531399,0.29747194395823656,0.13447162617311645,0.7720787969378311,0.3886754078672349,0.24400088355187854,0.18621859876704352,222.44287109375
tum-desk,100,17,5,99,600,248851,250000,9.825670667999475,13.077998499738896,29.387169550227554,9.363972500068485,287.25390625,1845.671875,14.396133907963303,120606720,0.3,94,18.983856568934286,0.6371932961046696,18.767105512093906,0.41504794566133446,0.3240850431452066,0.11858080321977364,0.8517552204391983,0.3530423267310072,0.32261875580166444,0.21027040277113615,287.25390625
tum-desk,100,17,6,119,600,299075,300000,9.285208760999922,11.808188000486552,30.68854119997013,9.355147999940527,334.46533203125,1868.421875,17.86154820396405,117682176,0.3,115,19.367959252950044,0.646137934923172,18.71139940164275,0.41633701014340196,0.3468909573287543,0.09616685745031435,0.8628616078572434,0.353822078866302,0.32830560896096295,0.2310022569589568,334.46533203125
tum-desk,101,17,1,20,600,49997,50000,7.030942551999942,8.05012050022924,8.524704400133485,6.397593499968934,87.73193359375,1707.61328125,2.4284674299969993,122277888,0.3,14,20.93982924064778,0.6945234537124634,20.93982924064778,0.5862349248085934,0.4188652274912097,0.23604513064133018,0.8984235193864508,0.4188652274912097,0.16677000620037202,0.06120367222033322,87.73193359375
tum-desk,101,17,2,40,600,99797,100000,5.837939027000175,8.41973649994543,24.509521099662376,6.70631799948751,132.9296875,1808.84765625,4.05446302999826,118517760,0.44999999999999996,36,19.79868158032526,0.6599535686629159,21.133970198901743,0.4208868420810992,0.31374964208365913,0.13385616873120412,0.7764154940127606,0.39307377720408926,0.17328176197681294,0.1267673376955219,132.9296875
tum-desk,101,17,3,60,600,149582,150000,8.926145829999768,9.88213599930532,26.816017350347465,7.066740999562171,184.30419921875,1815.1796875,8.409139846998187,118517760,0.5,58,20.083235551295004,0.6777411937713623,20.607555595397383,0.49278723230097277,0.33361316081841,0.1267719699954064,0.918188899708882,0.4054389710286435,0.22845663248251796,0.1663635998983835,184.30419921875
tum-desk,101,17,4,79,600,199295,200000,10.618810527999813,12.23233250038902,28.513435900822515,8.185596000203077,228.00244140625,1828.9296875,13.763284636994285,122695680,0.5249999999999999,72,19.44042433544453,0.6555460370503939,20.25306996438908,0.4311099860648272,0.2914220931739155,0.11586226275868514,0.7792635812606838,0.4013764814488346,0.24544519430994255,0.18619132441857547,228.00244140625
tum-desk,101,17,5,99,600,249077,250000,11.431255425999552,13.461767499848065,29.916426100180615,9.370269500323047,286.92041015625,1847.0546875,19.277973597994787,120606720,0.54,94,19.475872012534673,0.6586933545768261,19.556090257944973,0.4152438568623343,0.32144077848518676,0.132194381094835,0.857125864255142,0.39405129054406257,0.32320125904840674,0.20844156626264168,286.92041015625
tum-desk,101,17,6,119,600,298912,300000,12.16689912900074,15.390165000098932,30.79734480006664,9.407869500137167,329.607421875,1854.15234375,25.4417778949919,117682176,0.55,115,19.940525782104302,0.6645216286182404,19.474374152453656,0.40833104364506306,0.35784012850397995,0.11705524769105015,0.8669986489224296,0.41020754082310873,0.3258852103629162,0.22830799700246227,329.607421875
tum-desk,110,17,1,20,600,49994,50000,7.164630926999962,8.180234000064956,8.567372749666902,6.518581999898743,87.822265625,1746.43359375,2.453804820986079,122277888,0.3,14,21.018722797812476,0.6983537475268046,21.018722797812476,0.5874006989957593,0.41325810720199413,0.21528525296017223,0.8422667234767789,0.41325810720199413,0.17704124494939394,0.0699683962075449,87.822265625
tum-desk,110,17,2,40,600,99713,100000,5.799812490000477,8.4240735000094,17.609168450189806,6.673739999314421,139.35205078125,1848.6484375,4.027464882977256,118517760,0.3,36,19.36815319519565,0.6520445942878723,20.463038746899645,0.4141016749174129,0.3014900498606006,0.1443649736620267,0.754731759802779,0.39157732728617267,0.18501098151695367,0.13841725752910855,139.35205078125
tum-desk,110,17,3,60,600,149645,150000,7.79311809400042,9.204758000123547,26.766221749221586,6.9847949998802505,185.3232421875,1855.03125,7.2981429169794865,118517760,0.3,58,19.99575532239309,0.6702917277812958,20.21283833285831,0.4932118341531313,0.33974409839493935,0.11955465426229411,0.902073347049827,0.40884010772082396,0.2466103110695312,0.18586655083698086,185.3232421875
tum-desk,110,17,4,79,600,199089,200000,8.700049209000099,11.50188049996359,28.051347900100154,8.618917499916279,238.9208984375,1872.328125,10.707340544975523,122695680,0.3,72,19.044775783375954,0.6369819595263555,19.461611258574322,0.42756915419149866,0.29675579530600216,0.11196195863887018,0.7699389838311724,0.40218024967410065,0.2709793107605141,0.21703358799330952,238.9208984375
tum-desk,110,17,5,99,600,249016,250000,9.830723690000013,12.89637150011913,29.241303599292223,9.261863000119774,286.68408203125,1890.828125,14.672941416975846,120606720,0.3,94,19.062948903480333,0.6362103186547756,18.961553868782307,0.4234850992285994,0.3205216273449542,0.11020200753834847,0.8396382760838964,0.3668632691302627,0.3485519002795001,0.2374385581649372,286.68408203125
tum-desk,110,17,6,119,600,299064,300000,9.155179583000063,11.61374249977598,30.11715009993167,9.177154000099108,321.29541015625,1897.953125,18.123939202971997,117682176,0.3,115,19.65406876683208,0.6521427303552627,19.0455852198501,0.4040186493621963,0.3506107513837336,0.0871827925266687,0.8610539598274688,0.369430755029718,0.363601102105235,0.2694105609501645,321.29541015625
tum-desk,111,17,1,20,600,49996,50000,7.085538794000058,8.062750499448157,8.438642200144384,6.418757499886851,87.8232421875,1747.1015625,2.4318474300034723,122277888,0.3,14,20.962139159840373,0.698113222916921,20.962139159840373,0.58571596915543,0.3967671530370376,0.21424745581146223,0.8174691095014913,0.3967671530370376,0.17703416273301864,0.0699455956476518,87.8232421875
tum-desk,111,17,2,40,600,99747,100000,5.855547475000094,8.523567500105855,23.475356850258315,6.741777499883028,138.30322265625,1848.3125,4.045472741988306,118517760,0.44999999999999996,36,19.419411910123642,0.6522372450147357,20.835552436736197,0.39779910211552916,0.29419743058114983,0.1339945830082556,0.7649567732482886,0.3998560095689591,0.1837649252609101,0.13886131913741767,138.30322265625
tum-desk,111,17,3,60,600,149530,150000,8.928107779000129,9.913972000504145,26.67718019943095,7.115327000065008,183.32470703125,1860.9765625,8.38408745799461,118517760,0.5,58,20.136576410837204,0.6833716750144958,21.026422069929595,0.5012446946445432,0.32741596175931914,0.11662441623495252,0.9208613993532887,0.37645954639701196,0.23975790811208453,0.18683876145255132,183.32470703125
tum-desk,111,17,4,79,600,199131,200000,10.44138689600004,12.086074000308145,28.368522749633485,8.294948499951715,234.7666015625,1871.31640625,13.589581348992397,122695680,0.5249999999999999,72,19.543742870899166,0.6620369416016799,20.59876269713665,0.4394837408145344,0.29279901840517253,0.11021829737091682,0.7821955684509809,0.38229192698098835,0.2639016526808985,0.21219699594739141,234.7666015625
tum-desk,111,17,5,99,600,248933,250000,11.88522512399959,13.786603499738703,30.022667350112897,9.310947500125621,287.38818359375,1885.25390625,19.566511154996988,120606720,0.54,94,19.261414273389597,0.650206595659256,19.622532822332207,0.4275646671152254,0.32299367905191384,0.10962174416820758,0.8623349655007955,0.37876302977397813,0.3466635600743975,0.23812833171978,287.38818359375
tum-desk,111,17,6,119,600,298902,300000,11.726435506000598,14.493468499949813,30.85902760008139,9.500696000031894,322.13330078125,1908.00390625,25.303259569996953,117682176,0.55,115,19.885837010246224,0.6634418040513992,19.82825888723229,0.42378941271934917,0.3523541730464571,0.0854221169918324,0.8616982813772728,0.3623797221233842,0.35893704291038536,0.26737860569685046,322.13330078125
kitchen,000,7,1,46,600,49990,50000,7.954840464999961,6.0997905000022,24.008489750212902,5.092317499929777,76.0673828125,1653.234375,4.111112635001518,112350080,0.3,42,21.909334699009673,0.5777371774117152,21.909334699009673,0.2513604368298776,0.1749338978753557,0.022319565450151173,0.9816541073335117,0.1749338978753557,0.7429285857171434,0.10222044408881777,76.0673828125
kitchen,000,7,2,93,600,99903,100000,10.035895800000162,23.191603499981284,24.649607450169242,5.434718500055169,126.31005859375,1679.34375,10.744471217003138,110425344,0.3,90,22.975195364163735,0.6802211999893188,22.18277893454216,0.25778944788970015,0.1912977262694297,0.0502427081007341,0.9914213375747001,0.21319332058602875,0.7674043822507832,0.2052490916188703,131.3857421875
kitchen,000,7,3,140,600,149763,150000,10.333319275999656,23.4024805001809,25.46715294961359,6.143909000002168,176.3955078125,1699.62890625,17.27658677000136,110950272,0.3,138,23.97741698381737,0.7433548172314962,22.377998789992642,0.2592616726758848,0.1919722317845227,0.0422261115989297,0.9928493163440298,0.2290456875906198,0.7805132108731796,0.23611973584930857,176.3955078125
kitchen,000,7,4,186,600,199671,200000,11.06527629600032,24.36045649983498,26.743961050078724,7.312751000199569,224.68310546875,1714.77734375,23.861589631998413,109375488,0.3,179,24.308017341757434,0.7561486090222994,22.707129194435257,0.2759208916811371,0.21143831125207535,0.07127653748078022,0.9940430132431153,0.22303942050421008,0.7763671239188465,0.29334254849226976,224.68310546875
kitchen,000,7,5,232,600,249593,250000,11.936220458000207,25.24690449990885,27.43453145026251,8.363728999938758,273.73876953125,1729.10546875,30.826444619993254,112175104,0.3,227,24.522656699510136,0.7779745665089838,22.48703848369608,0.28923454436534823,0.21035034260820645,0.059600542405673564,0.9750088577409894,0.23093542336467937,0.7874419555035598,0.3060542563293041,273.73876953125
kitchen,000,7,6,279,600,299532,300000,12.257524239000304,25.93247749996408,28.706668649829226,9.097179500031416,321.3720703125,1742.35546875,37.44527264599628,110600320,0.3,275,24.517699650559017,0.7894989660808018,20.44389378834992,0.2712080587122944,0.24775923414705914,0.11591954551740606,0.9764969995968426,0.21344527187235277,0.8422305463189241,0.35383531642695937,321.3720703125
kitchen,001,7,1,46,600,49990,50000,7.976093411999955,6.103732000156015,24.22577050010659,5.1004599999942,76.06884765625,1651.875,4.121197904999917,112350080,0.3,42,21.806342020532583,0.5766896903514862,21.806342020532583,0.2582091873508722,0.1637995883927912,0.012112403100775194,0.9755232228940615,0.1637995883927912,0.7429085817163432,0.10222044408881777,76.06884765625
kitchen,001,7,2,93,600,99898,100000,10.301108378999743,23.22753599992211,24.159713400308647,5.420827000079953,127.6923828125,1671.1640625,11.054327306996129,110425344,0.44999999999999996,90,23.23155303909995,0.693543498714765,23.058926425288206,0.26261546883059805,0.18125439990542508,0.03880247619170971,0.9861491913802334,0.20279257771481482,0.7653206270395804,0.20341748583555228,132.126953125
kitchen,001,7,3,140,600,149763,150000,11.452536155999951,23.618583499910528,25.31134109985942,6.178831499937587,178.3349609375,1699.9453125,18.72852047199467,110950272,0.5,138,24.373892994563224,0.7537055810292562,23.08153075345207,0.27424687639956813,0.1875604014145443,0.061492140030208746,0.99234462752757,0.24550188345020577,0.7764133998384114,0.23537856479904917,178.3349609375
kitchen,001,7,4,186,600,199710,200000,11.805249034000099,24.294531000123243,26.225238950064522,7.245832000080554,228.744140625,1710.875,26.121692249996613,109375488,0.5249999999999999,179,24.901440314782974,0.7701833595832189,23.751567534655276,0.28630588033490484,0.22210340354114846,0.08475344434969018,0.9960666716103184,0.25302792936012797,0.7709228381152672,0.29124230133693857,228.744140625
kitchen,001,7,5,232,600,249492,250000,12.705136954999944,25.347781999926156,27.416008849741047,8.24835699995674,272.18017578125,1720.85546875,33.86831177500153,112175104,0.54,227,25.434478758211487,0.7951439454637724,23.888021516323636,0.29886013992013494,0.22721838135014033,0.07129457952362714,0.9970626805650162,0.24260073705413368,0.7732271976656566,0.3028233370208263,272.18017578125
kitchen,001,7,6,279,600,299519,300000,13.403497540999979,26.12031050011865,28.60033125002701,9.05647400009002,321.17822265625,1734.13671875,41.68208678799283,110600320,0.55,275,25.861015518412675,0.8168891191482544,24.504970451241647,0.3052672407529204,0.24094641905448902,0.07572850253274419,0.985492295127577,0.2761176436656373,0.8194104547624692,0.3459146164350175,321.17822265625
kitchen,010,7,1,46,600,49984,50000,7.849305893999826,6.176187000164646,24.390720450242043,5.164698500038867,76.93017578125,1688.71484375,3.9194955069929165,112350080,0.3,42,21.778777406290672,0.5796659390131632,21.778777406290672,0.26211839205547394,0.16509958460809993,0.004153686396677051,0.9540183884128755,0.16509958460809993,0.7590428937259923,0.11425656209987196,76.93017578125
kitchen,010,7,2,93,600,99855,100000,9.891408760999639,23.101202999669113,24.11213099996985,5.362230999935491,126.35400390625,1714.93359375,10.452992750999783,110425344,0.3,90,22.989396564187796,0.6859430571397146,22.339407982342227,0.2898305731626191,0.15450233262052415,0.045964323318382114,0.9761432273379713,0.1657897577680422,0.7948625506985129,0.21848680586850933,130.697265625
kitchen,010,7,3,140,600,149752,150000,10.604589931999726,23.465090999934546,25.255421899805697,6.068070000083026,174.76904296875,1739.90625,17.276574255999094,110950272,0.3,138,23.88752206865656,0.7421225938532088,22.409054629460684,0.2827876240881662,0.18100604461111106,0.07860110703780163,0.9768286576969197,0.20754135709082672,0.8084366152038036,0.25558256317110956,174.76904296875
kitchen,010,7,4,186,600,199620,200000,11.089826758999607,24.279628000158482,26.41683814968019,7.2722664999673725,227.447265625,1751.04296875,23.92479711000442,109375488,0.3,179,24.29826253462683,0.7578618923823038,22.71309379988053,0.29071396134736427,0.19336939659041635,0.07558073486321687,0.9922720147320534,0.19133355347741196,0.8117373008716562,0.3204087766756838,227.447265625
kitchen,010,7,5,232,600,249549,250000,11.60449880599981,25.044648999937635,27.38509189996421,8.230289000039193,272.00927734375,1762.27734375,30.622281379994547,112175104,0.3,227,24.686174864568326,0.7801645459799931,23.20053165596706,0.30640245899495955,0.1903701594077982,0.06347197264965752,0.9804781798930516,0.20845512036346164,0.8193461003650586,0.338274246741121,272.00927734375
kitchen,010,7,6,279,600,299455,300000,12.051745613999628,25.6475109999883,28.697650500180316,8.885580499963908,320.16162109375,1778.90234375,37.13346938599989,110600320,0.3,275,25.153083047759594,0.802181533404759,22.689650593337007,0.2950991271479289,0.21221155748328238,0.07266848296607417,0.9852093552844113,0.20240281505053417,0.8608171511579369,0.3910604264413685,320.16162109375
kitchen,011,7,1,46,600,49987,50000,8.1199949009997,6.41543849997106,25.026747849733507,5.377508000037778,75.93212890625,1688.625,3.9872617360033473,112350080,0.3,42,21.747904261689968,0.5787399113178253,21.747904261689968,0.26083681276299114,0.17149308700292942,0.00937641211025757,0.9567190874173237,0.17149308700292942,0.7589173185028107,0.11428971532598475,75.93212890625
kitchen,011,7,2,93,600,99793,100000,10.471392136000759,23.71813250010746,24.907269350615024,5.813572000533895,127.36669921875,1713.82421875,10.860370478008008,110425344,0.44999999999999996,90,23.10168537067975,0.6878207673629125,23.00953603730969,0.2653111717057085,0.17472087202470538,0.04045568161169737,0.9779857931018626,0.20295971674940383,0.7939735251971581,0.21899331616446044,132.89990234375
kitchen,011,7,3,140,600,149648,150000,11.711358824999479,24.249037499885162,25.713180149341497,6.354958999963856,175.48779296875,1733.57421875,18.644295139011774,110950272,0.5,138,24.175589493285056,0.7484184669123756,22.88010239219419,0.2749680520909313,0.18537944062599607,0.051357623085410975,0.9829133504544072,0.21813727743795983,0.809639955094622,0.2564685127766492,175.48779296875
kitchen,011,7,4,186,600,199586,200000,12.327796663999834,24.949261999609007,26.945275350408338,7.351436999670113,225.7841796875,1748.78125,26.460254244010684,109375488,0.5249999999999999,179,24.75784634737451,0.7672369902332624,23.422397778079397,0.2846612376611644,0.20013102943329844,0.07395468617711891,0.9773950130192712,0.22759674232712335,0.812827553034782,0.31938111891615645,225.7841796875
kitchen,011,7,5,232,600,249455,250000,13.068797644999904,25.425454499782063,27.866674350661924,8.326028999817936,272.68603515625,1762.765625,34.5256775210255,112175104,0.54,227,25.396019231413426,0.7978208476099474,23.952831733535998,0.29877489004479385,0.2066300595010953,0.07077780164217604,0.9806402389081669,0.23001535188076422,0.8171894730512518,0.3379607544446894,272.68603515625
kitchen,011,7,6,279,600,299337,300000,13.668718650999836,26.24273750006978,28.87536870034637,9.159460500086425,320.0634765625,1783.4375,42.57365764302449,110600320,0.55,275,25.738262183831697,0.8135564889226641,24.459845816311756,0.29938381054425933,0.21249707661150588,0.0702174999774796,0.974951761788513,0.22223427623771466,0.8518392313679899,0.3848772453789542,320.0634765625
kitchen,100,7,1,46,600,49994,50000,8.246189485999821,6.774963000225398,24.752892749688726,5.260793000161357,78.22265625,1650.140625,4.303581943001518,112350080,0.3,42,21.90327195039667,0.5765352547168732,21.90327195039667,0.2525917882677348,0.14748726941266638,0.007078986587183309,0.9741877294144733,0.14748726941266638,0.7501300156018722,0.09979197503700445,78.22265625
kitchen,100,7,2,93,600,99919,100000,9.977346265000051,23.76034499980051,24.636010549761522,5.427776500255277,128.603515625,1669.125,10.897691157999361,110425344,0.3,90,23.223136921436282,0.6838305791219076,22.623562973681572,0.2594680699764954,0.183932427800758,0.048226581876474495,0.9806557717685972,0.21510873905482172,0.7733764349122789,0.2015132257128274,135.1103515625
kitchen,100,7,3,140,600,149809,150000,10.990306798000347,24.62203549998776,26.499055700128338,6.241789000114295,177.91259765625,1697.671875,18.005040828998062,110950272,0.3,138,24.1305782787673,0.7398081786102719,22.48089891416789,0.27237393846007935,0.19281790383350564,0.05210070647439516,0.9837456228300104,0.222105829300228,0.7799464651656443,0.23574685099026094,177.91259765625
kitchen,100,7,4,186,600,199734,200000,11.787986957000157,25.489854499937792,27.703979049988448,7.5737644997389,224.97119140625,1702.6015625,25.222326977997,109375488,0.3,179,24.468456460926017,0.7572068125009537,22.943207769134172,0.28292766947948367,0.2078894319542329,0.06942252584235059,0.9935846158759714,0.19859725363542222,0.7734837333653759,0.2935854686733355,224.97119140625
kitchen,100,7,5,232,600,249589,250000,12.240179548000015,26.385306999827662,28.674200999853383,8.367843500309391,271.29443359375,1722.046875,32.45018245499614,112175104,0.3,227,24.752234177653776,0.7781736624651941,23.404117098533707,0.27417037454891846,0.22079570990069014,0.0648133083067422,0.9827193072445537,0.21004132919480079,0.7782674717235134,0.3037834199423853,271.29443359375
kitchen,100,7,6,279,600,299527,300000,13.075016422000317,27.26325799994811,30.034853150141316,9.133185000109734,322.11376953125,1737.44921875,39.8827089209999,110600320,0.3,275,25.142150648902625,0.8017516885484968,23.16354940908821,0.2748773023596304,0.24755790769662542,0.08105573315154638,0.9817640885051842,0.21777623086998765,0.8265632146684606,0.35046256264042974,322.11376953125
kitchen,101,7,1,46,600,49992,50000,8.259119706000092,6.723570500071219,24.950275099968167,5.21461200014528,77.40478515625,1652.90234375,4.340719201994489,112350080,0.3,42,21.892739516016096,0.5756600499153137,21.892739516016096,0.2628022717017243,0.14608312582598643,0.008620689655172414,0.9797903530821421,0.14608312582598643,0.7499799967994879,0.09973595775324051,77.40478515625
kitchen,101,7,2,93,600,99921,100000,10.328173166999932,23.814313000002585,24.92551355001069,5.448226999988037,125.56005859375,1671.7109375,11.25280355799714,110425344,0.44999999999999996,90,23.128113699006885,0.6864075859387716,23.132791789340406,0.2677363814303534,0.18055696627495743,0.03966331314942952,0.9846378776274243,0.207958450971859,0.7728305361235376,0.20192952432421613,130.4970703125
kitchen,101,7,3,140,600,149797,150000,11.541456242000095,24.29423100011263,26.02804244984327,6.184088500049256,174.12158203125,1699.09375,18.998991721000493,110950272,0.5,138,24.349723013016945,0.7470283541414473,23.1423658905361,0.2810294838238914,0.2107499831377134,0.09713446983055267,0.9927846886517678,0.2574754560386402,0.7817980333384513,0.23790196065341762,174.12158203125
kitchen,101,7,4,186,600,199735,200000,12.717485392000071,25.33772400011003,27.325859400025365,7.3006774998702895,221.32275390625,1713.65625,27.2758769940001,109375488,0.5249999999999999,179,24.96261550060007,0.7719293832778931,23.58632455772621,0.27257373778734173,0.21653654162023478,0.062466134082354616,0.9928260375541766,0.2147565047443853,0.7745813202493304,0.2922121811400105,221.32275390625
kitchen,101,7,5,232,600,249564,250000,13.033636499000295,26.16417850003927,28.265633500291187,8.290163500078052,271.77783203125,1726.03515625,35.346334667998235,112175104,0.54,227,25.504640156224443,0.7992584150412987,24.159529059475272,0.28970035089018287,0.22138779918728385,0.08417110784417595,0.9813181498518044,0.24184537003945625,0.7759652834543443,0.3013054767514545,271.77783203125
kitchen,101,7,6,279,600,299520,300000,14.160441253000045,27.075131499941563,29.685306100122943,9.05090899982497,321.8388671875,1744.2890625,43.90340442799379,110600320,0.55,275,25.711884352208646,0.816080663885389,24.261487111633084,0.2890364671111525,0.2393254111553067,0.08842719875534,0.9652476021752255,0.2519761333479651,0.8226328792735043,0.34393028846153845,321.8388671875
kitchen,110,7,1,46,600,49989,50000,8.20558228400023,6.787894000126471,25.106760200083045,5.285293000042657,77.7783203125,1689.69921875,4.178121172989449,112350080,0.3,42,21.914592479020722,0.581506093343099,21.914592479020722,0.2773202485965785,0.17170799199190453,0.0,0.9523238321747903,0.17170799199190453,0.7571865810478305,0.11520534517593871,77.7783203125
kitchen,110,7,2,93,600,99884,100000,9.99760206100018,23.983616999657897,25.64856824983508,5.62713099998291,125.935546875,1707.375,10.661678729986306,110425344,0.3,90,22.96691828657531,0.6786067336797714,22.382842705799032,0.2755918445720175,0.17960879371369587,0.0462148380277357,0.9748156416904535,0.21841914854115363,0.7913279404108766,0.22187737775819952,132.59912109375
kitchen,110,7,3,140,600,149730,150000,11.414599594000265,24.912744000175735,26.56623120014956,6.2771099997007695,176.9638671875,1737.6796875,18.147313634995044,110950272,0.3,138,24.025121519149653,0.7402272588676877,22.605650635291337,0.2802797168491462,0.21650907370518788,0.06435647477515065,0.9863024603500006,0.2562470980770459,0.8039203900353971,0.2562078407800708,176.9638671875
kitchen,110,7,4,186,600,199609,200000,11.693442164000317,25.536237999858713,27.92010809964722,7.464923500037912,226.1904296875,1753.25,25.291843797002457,109375488,0.3,179,24.400436617752934,0.7539801076054573,22.745217717384946,0.27906509023370196,0.2053690115189212,0.06775439042699316,0.9942171426485733,0.22532759467258315,0.8090066079184807,0.32121297135900684,226.1904296875
kitchen,110,7,5,232,600,249543,250000,12.269976196000243,26.2701979997928,28.706486150213095,8.335835500020039,272.30419921875,1761.67578125,32.55974746600077,112175104,0.3,227,24.72445564643837,0.7751488850034517,23.229387442393474,0.29429885690686386,0.20962598141320266,0.07720265602759216,0.9781171712370395,0.23737488108952148,0.8131143730739793,0.33797782346128724,272.30419921875
kitchen,110,7,6,279,600,299372,300000,13.357373608000671,27.46744149976621,30.08124734994908,9.083555999950477,317.68603515625,1783.44921875,40.28899041200475,110600320,0.3,275,24.9378596721094,0.7925076740128654,22.37638297130547,0.29796243700501623,0.20809711715676824,0.08029634748539581,0.9597749766286547,0.23781073041639186,0.8565463704020416,0.3893249869727296,317.68603515625
kitchen,111,7,1,46,600,49989,50000,8.073970188000203,6.7838004999885015,24.77212349990623,5.280811499915217,77.58203125,1689.328125,4.081383613002345,112350080,0.3,42,21.999662183978952,0.5832115213076273,21.999662183978952,0.27575686777234804,0.17869553143673528,0.004893668438859352,0.9633924301523797,0.17869553143673528,0.7574466382604172,0.11548540678949369,77.58203125
kitchen,111,7,2,93,600,99900,100000,10.45078032299989,23.794399500047803,24.73555694987226,5.43491799999174,127.3369140625,1707.23046875,11.133601676004673,110425344,0.44999999999999996,90,22.89958396706309,0.6788329382737478,22.871801446919843,0.28858175271729114,0.19064219656987225,0.06907491736301162,0.9690720132880006,0.24408064938011922,0.7903403403403403,0.22343343343343344,130.96435546875
kitchen,111,7,3,140,600,149644,150000,11.709362873999908,24.505733500063798,26.1355931000935,6.172501500259386,178.4931640625,1741.09375,19.02058147799471,110950272,0.5,138,24.01765725500188,0.743898073832194,22.97298683494392,0.2877002364688707,0.21202654374524652,0.08733604172710192,0.9830475385829979,0.27644137891607057,0.8049236855470316,0.259255299243538,178.4931640625
kitchen,111,7,4,186,600,199586,200000,12.41202135200001,25.226595500043913,27.27958119990035,7.282159499936824,228.0341796875,1749.13671875,27.00863703499226,109375488,0.5249999999999999,179,24.728225304073632,0.7708186209201813,23.417809120416802,0.28494511101123826,0.22306503488745863,0.08388487311813761,0.9874206548502777,0.24412590108832047,0.8090547433186697,0.32146543344723577,228.0341796875
kitchen,111,7,5,232,600,249396,250000,13.501371851000386,26.251483499891037,28.4764473000223,8.189407500140078,272.57958984375,1760.87890625,35.53538656599176,112175104,0.54,227,25.310911636062993,0.7948143646634859,23.933201725227004,0.2885765975914275,0.22485947194437558,0.09075981227287298,0.9857375620221636,0.24989625036765314,0.8106665704341689,0.33918346725689263,272.57958984375
kitchen,111,7,6,279,600,299341,300000,13.963101595999888,26.8220300001758,29.442042100163235,8.879940999804603,319.72998046875,1783.75390625,44.00181901999031,110600320,0.55,275,25.742143963477115,0.8128166062491281,24.24932240905444,0.31336044449942463,0.24129226607245444,0.10785088111153816,0.9824639314190221,0.24276129829326049,0.8501307872960937,0.3857774244089517,319.72998046875
kitchen,000,17,1,46,600,49992,50000,8.200220259000162,6.298674999925424,24.410168849681213,5.2904620001754665,76.44677734375,1652.43359375,4.225779380997665,112000128,0.3,42,21.385718103492497,0.5725194662809372,21.385718103492497,0.2553809657898528,0.15783671330908872,0.08146067415730338,0.9523238321747903,0.15783671330908872,0.74461913906225,0.1045167226756281,76.44677734375
kitchen,000,17,2,93,600,99928,100000,10.011524586999258,23.27549600022394,24.501048949832693,5.504333500084613,128.666015625,1672.08984375,10.816061616000297,108850560,0.3,90,22.654116597449917,0.6709311207135519,22.273552758907528,0.26108087871259517,0.2066912753815713,0.09036766839640403,0.9760473305226061,0.27310253438939036,0.7659014490433111,0.20741934192618686,131.0458984375
kitchen,000,17,3,140,600,149758,150000,10.384832302000177,23.43265799981964,25.289214699796503,6.154180499379436,176.3876953125,1698.63671875,17.393417697996483,108850560,0.3,138,23.626726472494717,0.7374158932103051,21.824443886807952,0.26649798354316107,0.19687635421255215,0.05849015946093297,0.9836533327282005,0.25490360291489755,0.7740287664098078,0.24252460636493542,176.3876953125
kitchen,000,17,4,186,600,199703,200000,10.909824904999368,24.192977500206325,26.643298499766388,7.579401499697269,225.51513671875,1708.91015625,23.75300008499198,112350080,0.3,179,24.26909616715503,0.7617004041870435,22.482201925690543,0.2752457536189436,0.19434850869077883,0.05790254305377043,0.9940131591074637,0.25109896730232506,0.7722668162220898,0.3009569210277262,225.51513671875
kitchen,000,17,5,232,600,249584,250000,11.956889984000554,25.20158800007266,27.39084645031653,8.291458500025328,273.74365234375,1726.87890625,30.73829425898475,110600320,0.3,227,24.68033687763616,0.7818136502956522,22.55107393915361,0.2850619980819398,0.1941345298689116,0.05205796943557909,0.9872957222125989,0.2362126589795459,0.7775658696070261,0.3124919866658119,273.74365234375
kitchen,000,17,6,279,600,299496,300000,12.297234018000381,25.83054750039082,28.892572599897903,9.042643000157113,324.26318359375,1741.44140625,37.42904682799872,108150656,0.3,275,24.972228049510925,0.7980815427643912,22.55310501182488,0.3000666178662436,0.202458760273555,0.06144893991241906,0.9733247740647472,0.22052332632113156,0.8322581937655261,0.35768758180409754,324.26318359375
kitchen,001,17,1,46,600,49990,50000,8.158970989999943,6.166894999751094,24.641931300220676,5.150601999957871,76.44189453125,1652.2734375,4.232675449008639,112000128,0.3,42,21.209698336884006,0.5704723248879114,21.209698336884006,0.22709550772717538,0.14701376629998997,0.00026219192448872575,0.9524297419396707,0.14701376629998997,0.7445689137827566,0.10408081616323264,76.44189453125
kitchen,001,17,2,93,600,99920,100000,10.302350562000356,23.65140900019469,24.777333450629158,5.6281689999195805,127.32568359375,1678.13671875,11.048177393022343,108850560,0.44999999999999996,90,22.848207974886538,0.6742545713980993,22.800896490641648,0.2796465508429599,0.20221848043573504,0.0451429329955707,0.9797840035098911,0.2619472700569871,0.7630004003202562,0.20970776621297038,129.01611328125
kitchen,001,17,3,140,600,149794,150000,11.357036769999468,24.108069500016427,25.691142800451416,6.265242499921442,176.96337890625,1700.0625,18.54187490903223,108850560,0.5,138,24.053501094430022,0.7426422867510054,23.11749183821789,0.28674522123845886,0.19022126101933143,0.0634252598785756,0.9851079948913405,0.25606878328919885,0.7717064768949358,0.2439283282374461,176.96337890625
kitchen,001,17,4,186,600,199682,200000,12.327126191999923,24.943670500306325,26.813836050177997,7.475648999843543,223.9912109375,1707.890625,26.34428218202811,112350080,0.5249999999999999,179,24.778216838235068,0.7687960093220075,24.207878784374532,0.29056221713366676,0.18621697787159003,0.06927933691800328,0.9969342713180898,0.22797105445061636,0.7682164641780431,0.29827926402980737,223.9912109375
kitchen,001,17,5,232,600,249549,250000,13.102795759999935,25.73238350032625,27.713711649403194,8.371246000024257,275.65869140625,1728.3671875,34.40155158202833,110600320,0.54,227,25.313352885149396,0.7972443247663563,24.217675334215013,0.3047521705893807,0.19985131846875417,0.07146691167159394,0.9809824596661517,0.24027102455352548,0.768754833720031,0.3077271397601273,275.65869140625
kitchen,001,17,6,279,600,299468,300000,13.649788228000034,26.593992500238528,29.02105280008982,9.133016499617952,322.87255859375,1737.2578125,42.38402382602908,108150656,0.55,275,25.597233374089964,0.8136196085384914,24.418106765869354,0.295762137486477,0.21645634592182073,0.0715325006670406,0.9610716675709435,0.24999141666888436,0.815472771715175,0.3457364392856666,322.87255859375
kitchen,010,17,1,46,600,49986,50000,8.299878841000464,6.410280499949295,24.924634699937087,5.393207999986771,75.80517578125,1688.08984375,4.19701247901321,112000128,0.3,42,21.784021560095002,0.5779041250546774,21.784021560095002,0.2515999734867545,0.15918076527697317,0.0007122507122507123,0.9480993235031858,0.15918076527697317,0.7620933861481215,0.11279158164286,75.80517578125
kitchen,010,17,2,93,600,99874,100000,10.191354323999803,23.419512499913253,24.64926584943896,5.634910000026139,124.2470703125,1715.41796875,10.878390970007786,108850560,0.3,90,22.970606543957516,0.6782227605581284,22.461083777769527,0.2865745930242116,0.16195414234028122,0.016278627490493542,0.9773910765943727,0.18076661573084704,0.794190680257124,0.22295091815687768,131.908203125
kitchen,010,17,3,140,600,149772,150000,10.725209393000114,24.00592999993023,25.75005024955317,6.246643500162463,177.857421875,1730.953125,17.683749007999722,108850560,0.3,138,23.878367276938185,0.7403738333119286,22.402224312632338,0.27694963780015436,0.16542288784587922,0.05241568357684077,0.9989851678376268,0.22177341801519865,0.803534706086585,0.25988836364607537,177.857421875
kitchen,010,17,4,186,600,199704,200000,11.178790457000105,24.574248000135412,26.546686349911397,7.534895499702543,225.8427734375,1739.41015625,24.322271323995665,112350080,0.3,179,24.44814298582475,0.7608882312973341,22.42297235294791,0.2717323612972701,0.19472784608022198,0.0673143408232531,0.9976577598366815,0.2111207831152995,0.807730441052758,0.32540660177062053,225.8427734375
kitchen,010,17,5,232,600,249503,250000,11.773284711999622,25.37922100009382,27.65378319991214,8.23335950008186,274.60498046875,1758.7109375,31.118651289002628,110600320,0.3,227,24.889093146799567,0.7809590162902043,22.347366984604992,0.2761115118623535,0.19674610568684023,0.057348345902736075,0.9779649677595955,0.20479264594583554,0.8120864278185032,0.34482150515224264,274.60498046875
kitchen,010,17,6,279,600,299409,300000,12.37926496900036,26.203384500149696,29.00452005033003,8.951724999860744,320.603515625,1773.484375,37.91013079201548,108150656,0.3,275,24.778284165188577,0.7903790967805046,21.70356968745835,0.27744893292266865,0.2131298912068742,0.0768422183505436,0.9748271735955786,0.19307068567765726,0.8587016422352034,0.39749306133082174,320.603515625
kitchen,011,17,1,46,600,49989,50000,7.99179685099989,6.097563500588876,24.183454000194615,5.099034000068059,75.79638671875,1688.81640625,4.099542762988676,112000128,0.3,42,21.450339115285015,0.576300859451294,21.450339115285015,0.25642064219960353,0.1410272890427989,0.0007399186089530152,0.9487569973820402,0.1410272890427989,0.761367500850187,0.11292484346556242,75.79638671875
kitchen,011,17,2,93,600,99860,100000,10.088119483999435,23.117143499803205,24.127417300314846,5.342948500128841,126.28271484375,1706.6484375,10.836682281999856,108850560,0.44999999999999996,90,22.74973429543653,0.6818337192138036,22.851239119015958,0.2841323067501807,0.18196558822745515,0.045426565471579534,0.9707064329361152,0.21147470038802227,0.7954035649909874,0.22123973562988183,131.27978515625
kitchen,011,17,3,140,600,149679,150000,11.481410185000641,23.632389499653073,25.350556750709075,6.14198250013942,176.21337890625,1743.37109375,18.524652714988406,108850560,0.5,138,23.97444657150066,0.7431229882770114,23.21053516415414,0.29277925068996064,0.1850849245086085,0.05974807926974884,0.9893749888759823,0.2171530946780414,0.8080625872700913,0.25794533635312905,176.21337890625
kitchen,011,17,4,186,600,199563,200000,12.488089411999681,24.576280000019324,26.871227849596835,7.370112999979028,226.4521484375,1752.2265625,26.576457897988803,112350080,0.5249999999999999,179,24.847562711353586,0.7686685472726822,24.066162784798347,0.2921475434762686,0.21445100028791048,0.061556784089834324,0.9936702172403136,0.23324541847843167,0.8114830905528579,0.32210379679599926,226.4521484375
kitchen,011,17,5,232,600,249463,250000,12.633741849999751,25.17758350040822,27.37240945020858,8.14549699998679,275.11669921875,1762.3984375,34.28125843499765,110600320,0.54,227,25.264507118146707,0.7958228094824429,23.83296923293196,0.295959801034798,0.2065009016660487,0.06305943923299263,0.9771571982181815,0.22638099903130746,0.8144374115600309,0.3416699069601504,275.11669921875
kitchen,011,17,6,279,600,299395,300000,13.474205425000036,25.887472000249545,28.483436300439276,8.90196599993942,321.14599609375,1786.65625,42.2169009040108,108150656,0.55,275,25.560653825759996,0.8134850706372942,24.252664214971457,0.3130528950276305,0.22031066115900025,0.07584320796210388,0.9815172162343347,0.21227349642056914,0.8527563920573156,0.38928505820070475,321.14599609375
kitchen,100,17,1,46,600,49993,50000,8.186810058999981,6.855149999864807,25.3158351498314,5.33933699989575,76.0009765625,1652.48046875,4.168942201006757,112000128,0.3,42,21.695052228335687,0.5734376708666483,21.695052228335687,0.23050020422626405,0.1518505204554533,0.0,0.9523238321747903,0.1518505204554533,0.7539455523773329,0.10045406356889965,76.0009765625
kitchen,100,17,2,93,600,99909,100000,10.19544840800063,24.192361000132223,25.852832500004297,5.709252999622549,129.43896484375,1671.7890625,10.812048919015979,108850560,0.3,90,23.154012705918074,0.6751413295666376,22.724288768524172,0.2671934384107674,0.1780560257677346,0.05285231176970725,0.9761619160873951,0.2018634895377703,0.7657067931817955,0.2062777127185739,133.1787109375
kitchen,100,17,3,140,600,149751,150000,10.893100840000443,24.53291200026797,26.35426370015921,6.230695999875024,178.05419921875,1703.578125,17.842966965004052,108850560,0.3,138,23.989105894102465,0.7371601859728495,22.316812704224265,0.2718182402554398,0.20142116854507477,0.0701289735588803,0.9817390494988648,0.21997898780759897,0.7710799927880281,0.2397913870358128,178.05419921875
kitchen,100,17,4,186,600,199728,200000,11.724610454999493,25.250599500395765,27.382797150175975,7.498963499983802,226.66259765625,1717.84765625,25.074033477008925,112350080,0.3,179,24.44756873455565,0.7577796330054601,22.484849299718718,0.2769641145176348,0.21068698698987268,0.0786146848546943,0.9896139860066772,0.20566331245728164,0.7709034286629817,0.2979902667627974,226.66259765625
kitchen,100,17,5,232,600,249562,250000,12.244697774999622,26.003833500453766,28.407187450284255,8.266595499662799,275.45849609375,1723.18359375,32.36278028902052,110600320,0.3,227,25.009289428219713,0.7850894969085167,22.86754313816755,0.28622685035360906,0.2171615273793038,0.06387535509354002,0.9806387874694042,0.20605979046323253,0.7731345316995376,0.3100472026991289,275.45849609375
kitchen,100,17,6,279,600,299530,300000,12.484687476000545,26.566281499981415,29.832409900336643,8.906673999717896,324.29150390625,1743.0,39.32934968601967,108150656,0.3,275,25.156482171538297,0.8002931867327009,22.779808069179833,0.29770793558986425,0.2296424080114667,0.07480268418004471,0.9691532094557758,0.18844855054010487,0.8279504557139519,0.35989383367275396,324.29150390625
kitchen,101,17,1,46,600,49995,50000,7.962573286999941,6.607542500205454,24.524350450337806,5.0997124999412335,75.9873046875,1651.73046875,4.121426868003255,112000128,0.3,42,21.691896115899826,0.571447471777598,21.691896115899826,0.22524334904503146,0.15103488174512977,0.07841140529531568,0.9523238321747903,0.15103488174512977,0.7537553755375538,0.10027002700270027,75.9873046875
kitchen,101,17,2,93,600,99899,100000,10.678918140999485,23.77396049996605,24.758835650163746,5.365199000152643,129.98681640625,1671.29296875,11.444829548000598,108850560,0.44999999999999996,90,23.238852739488895,0.6799996991952261,23.174348618592987,0.2782094536113866,0.16588655482075604,0.06611800158863426,0.9761619160873951,0.205136675772451,0.7649225717975154,0.20600806814883033,130.09716796875
kitchen,101,17,3,140,600,149722,150000,11.903839198000242,24.29387600022892,25.968180099880556,6.056418999833113,176.98583984375,1703.66796875,19.598522037988005,108850560,0.5,138,24.292764573045034,0.745618979136149,23.26167117223885,0.27130602589118463,0.1872706562568829,0.07664569028811684,0.986251229150839,0.23144916332727122,0.7716701620336357,0.23841519616355647,176.98583984375
kitchen,101,17,4,186,600,199690,200000,12.658552079999936,25.432509500205924,27.300394850271914,7.431990500208485,227.14697265625,1710.28125,27.817875153990826,112350080,0.5249999999999999,179,24.99900948066767,0.7750628963112831,23.98908898927169,0.28657905866605077,0.1934214396188824,0.05590799489839106,0.9868079798819884,0.21579951544528275,0.7622915519054535,0.2926285742901497,227.14697265625
kitchen,101,17,5,232,600,249504,250000,13.331495087999429,25.96587499965608,28.255665449933076,8.192916000098194,274.13427734375,1720.86328125,36.2164123370012,110600320,0.54,227,25.331945307186352,0.7961518230109379,24.346492260645274,0.29715761297513116,0.19591404622362085,0.06304255755975947,0.9837543111149891,0.2162093116556977,0.7583365396947543,0.30177071309478004,274.13427734375
kitchen,101,17,6,279,600,299580,300000,14.078732131999459,27.002088500012178,29.6005318502921,8.869971499734675,322.83984375,1749.80859375,44.769401088006816,108150656,0.55,275,25.78036988679871,0.8154207859720503,24.409702243763068,0.30752563519918036,0.21631821528316397,0.07900785751429992,0.9613893542251354,0.20961525353323496,0.808825689298351,0.34123105681287136,322.83984375
kitchen,110,17,1,46,600,49984,50000,8.411058589999811,6.80701749979562,24.75842369963175,5.310442999416409,76.919921875,1688.98046875,4.403351142008432,112000128,0.3,42,21.696769552175084,0.576704720656077,21.696769552175084,0.24719412324630544,0.1964594099651101,0.0,0.9520061028801494,0.1964594099651101,0.7510003201024328,0.11491677336747759,76.919921875
kitchen,110,17,2,93,600,99872,100000,10.138640967000356,23.85150449936191,24.804656400419844,5.473438499848271,125.283203125,1705.63671875,11.110325653014115,108850560,0.3,90,22.92572421974374,0.6728067944447199,22.317545233702784,0.26822118538097667,0.17697057639007274,0.06584094308674181,0.9730988812604718,0.2003474399417315,0.787137536046139,0.22269504966356937,129.54443359375
kitchen,110,17,3,140,600,149694,150000,10.831242455999927,24.200483499953407,25.911137749335467,6.011952999870118,177.40966796875,1738.3984375,18.16832353501286,108850560,0.3,138,23.80528151666704,0.7355094055334727,22.031349115393255,0.26158469014898555,0.1799780971025217,0.06950457554430751,0.9938054769217031,0.23119660151662577,0.8018491055085708,0.25721137787753684,177.40966796875
kitchen,110,17,4,186,600,199652,200000,11.660674407000442,25.111208999987866,27.221996650177967,7.427583499975299,224.9755859375,1752.4296875,25.36771521001174,112350080,0.3,179,24.52559706615391,0.7584237158298492,22.503492959524138,0.2775994470206964,0.18945999278747652,0.08996915062655476,0.992778558899988,0.20638634420524368,0.8061276621321098,0.3216546791417066,224.9755859375
kitchen,110,17,5,232,600,249506,250000,12.279205570000158,25.68425350000325,28.005002850295565,8.109779999813327,274.27001953125,1761.8828125,32.769738179011256,110600320,0.3,227,24.835974546340413,0.7776832190053217,22.867530069227666,0.286727430186113,0.19478880001747562,0.08241713899514971,0.9736336376935156,0.22651664467569788,0.8143451460085128,0.33998380800461714,274.27001953125
kitchen,110,17,6,279,600,299363,300000,12.489787020000222,26.509978500143916,29.412074900074003,8.817433499643812,324.51513671875,1782.6875,39.74895975401523,108150656,0.3,275,25.074502485905438,0.7984028220176697,22.376032671380443,0.2999073987446911,0.22938138717716308,0.09603467854271497,0.96468276029418,0.24248142073993662,0.8551691424791975,0.3934387349138003,324.51513671875
kitchen,111,17,1,46,600,49988,50000,8.315379386999666,6.610236499909661,24.539070300488675,5.110773000069457,76.49658203125,1688.984375,4.4083142100062105,112000128,0.3,42,21.572078852442605,0.5753696163495382,21.572078852442605,0.24308108210453555,0.19714513502506095,0.003877427448259193,0.9523938356638209,0.19714513502506095,0.7511802832679844,0.11534768344402657,76.49658203125
kitchen,111,17,2,93,600,99891,100000,9.951373728999897,23.614625499703834,25.111484549915986,5.357679000098869,126.3232421875,1705.54296875,10.998030451999512,108850560,0.44999999999999996,90,22.742726960661575,0.6620959838231405,22.501528484586746,0.27059030907885123,0.18131315832899098,0.06513676871938304,0.9797557513405327,0.20172174594586464,0.7867875984823458,0.22219218948654032,130.0048828125
kitchen,111,17,3,140,600,149599,150000,11.596616640999855,24.41521750006359,27.07714894977471,6.121981999513082,175.74267578125,1737.1953125,18.798462759991708,108850560,0.5,138,23.987823712050844,0.7397693561183082,22.64859602502411,0.2740322360831023,0.178459799525169,0.06534488476699879,0.9767422948202015,0.2286047282344592,0.7997513352361981,0.2602022740793722,175.74267578125
kitchen,111,17,4,186,600,199550,200000,11.97607783300009,24.94347050014767,27.100886749803976,7.257587500134832,224.79052734375,1744.08203125,26.395304911986386,112350080,0.5249999999999999,179,24.82537676923363,0.7675443515181541,23.26751603949026,0.2851216952290987,0.2239235502073243,0.09507754284497244,0.9937096961876801,0.2453385539938825,0.8028764720621399,0.3230268103232273,224.79052734375
kitchen,111,17,5,232,600,249449,250000,13.113453666000169,26.079920000029233,28.36190335046922,8.093061500403564,272.591796875,1761.3046875,34.60262294299446,110600320,0.54,227,25.270774570837823,0.7944521719011767,23.734972389747615,0.2906391310976972,0.20319472840757621,0.06875206849411784,0.9840038182722146,0.22922998212638138,0.8026490384808117,0.3399412304719602,272.591796875
kitchen,111,17,6,279,600,299313,300000,13.735883656000624,26.82384500030821,29.528802800223275,8.782395999787695,322.9111328125,1781.5,42.850763708997874,108150656,0.55,275,25.532729554075328,0.8105062127113343,23.931109835687057,0.2943068691533736,0.21977069376060643,0.08885572888829289,0.9761780871497424,0.24174536457465354,0.8398031492116947,0.3879517428244012,322.9111328125
